,collection,productIdentifier,parentIdentifier,organisationName,startDate,completionDate,productType,processingLevel,platform,instrument,resolution,sensorMode,orbitNumber,relativeOrbitNumber,quicklook,thumbnail,updated,published,waterCover,snowCover,cloudCover,centroid,version,percentSaturatedPixelsMax,percentNoDataPixelsMax,nbColInterpolationErrorMax,percentGroundUsefulPixels,percentUsefulPixelsMin,location,productionDate,bands,thermBands,nb_cols,nb_rows,tileId,title,oragnisationName,services,urlwms
0,VENUSVM05,VENUS-XS_20230428-050212-000_L2A_BANDIPUR_D,urn:ogc:def:EOP:CNES::VENUSVM05:,THEIA,2023-04-28T05:02:12Z,2023-04-28T05:02:12Z,REFLECTANCE,LEVEL2A,VENUS,,4,XS,30849,30849,https://theia.cnes.fr/data//VENUSVM05/2023/04/28/VENUS-XS_20230428-050212-000_L2A_BANDIPUR_D_V3-1/VENUS-XS_20230428-050212-000_L2A_BANDIPUR_D_V3-1_QKL_ALL.png,https://theia.cnes.fr/data//VENUSVM05/2023/04/28/VENUS-XS_20230428-050212-000_L2A_BANDIPUR_D_V3-1/VENUS-XS_20230428-050212-000_L2A_BANDIPUR_D_V3-1_THB_ALL.png,2023-05-05T08:22:01Z,2023-05-05T08:22:01Z,0,,33,"{'type': 'Point', 'coordinates': [76.598094940186, 11.748217105865]}",3-1,,,,,,BANDIPUR,2023-05-05T06:36:55Z,B1;B2;B3;B4;B5;B6;B7;B8;B9;B10;B11;B12,,10200,8916,,VENUS-XS_20230428-050212-000_L2A_BANDIPUR_D,CNES,"{'browse': {'title': 'Display full resolution product on map', 'layer': {'type': 'WMS', 'url': 'https://theia.cnes.fr/atdistrib/resto2/collections/VENUSVM05/c3a6b28c-4fab-5af6-a7ac-2da2c40b1845/wms?map=/nfs/muscate_data//muscate.map&idProduit=VENUS-XS_20230428-050212-000_L2A_BANDIPUR_D&versionProduit=3-1&idProjet=VENUSVM05&anneeProduit=ANNEEPRODUIT&moisProduit=MOISPRODUIT&jourProduit=JOURPRODUIT&LAYERS=muscate&FORMAT=image%2Fpng&TRANSITIONEFFECT=resize&TRANSPARENT=true&VERSION=1.1.1&SERVICE=WMS&REQUEST=GetMap&STYLES=&SRS=EPSG%3A3857&BBOX={:bbox3857:}&WIDTH=256&HEIGHT=256', 'layers': ''}}, 'download': {'url': 'https://theia.cnes.fr/atdistrib/resto2/collections/VENUSVM05/c3a6b28c-4fab-5af6-a7ac-2da2c40b1845/download', 'mimeType': 'application/zip', 'checksum': '9b6947cff8c054e35a05281766d4530e'}}","https://mapserver.theia.cnes.fr/cgi-bin/mapserv?map=/nfs/muscate_data//muscate.map&idProduit=VENUS-XS_20230428-050212-000_L2A_BANDIPUR_D&versionProduit=3-1&idProjet=VENUSVM05&anneeProduit=2023&moisProduit=04&jourProduit=28&LAYERS=muscate&FORMAT=image%2Fpng&TRANSITIONEFFECT=resize&TRANSPARENT=true&VERSION=1.1.1&SERVICE=WMS&REQUEST=GetMap&STYLES=&SRS=EPSG%3A3857&BBOX=8505923.5472945,1298624.7539465,8547798.2992842,1335520.4642432&WIDTH=256&HEIGHT=256&"
1,VENUSVM05,VENUS-XS_20230424-050327-000_L2A_BANDIPUR_D,urn:ogc:def:EOP:CNES::VENUSVM05:,THEIA,2023-04-24T05:03:27Z,2023-04-24T05:03:27Z,REFLECTANCE,LEVEL2A,VENUS,,4,XS,30789,30789,https://theia.cnes.fr/data//VENUSVM05/2023/04/24/VENUS-XS_20230424-050327-000_L2A_BANDIPUR_D_V3-1/VENUS-XS_20230424-050327-000_L2A_BANDIPUR_D_V3-1_QKL_ALL.png,https://theia.cnes.fr/data//VENUSVM05/2023/04/24/VENUS-XS_20230424-050327-000_L2A_BANDIPUR_D_V3-1/VENUS-XS_20230424-050327-000_L2A_BANDIPUR_D_V3-1_THB_ALL.png,2023-04-30T20:21:41Z,2023-04-30T20:21:41Z,0,,24,"{'type': 'Point', 'coordinates': [76.598094940186, 11.748217105865]}",3-1,,,,,,BANDIPUR,2023-04-30T18:37:47Z,B1;B2;B3;B4;B5;B6;B7;B8;B9;B10;B11;B12,,10200,8916,,VENUS-XS_20230424-050327-000_L2A_BANDIPUR_D,CNES,"{'browse': {'title': 'Display full resolution product on map', 'layer': {'type': 'WMS', 'url': 'https://theia.cnes.fr/atdistrib/resto2/collections/VENUSVM05/ea301e27-bc03-5fea-97f1-256461db05b4/wms?map=/nfs/muscate_data//muscate.map&idProduit=VENUS-XS_20230424-050327-000_L2A_BANDIPUR_D&versionProduit=3-1&idProjet=VENUSVM05&anneeProduit=ANNEEPRODUIT&moisProduit=MOISPRODUIT&jourProduit=JOURPRODUIT&LAYERS=muscate&FORMAT=image%2Fpng&TRANSITIONEFFECT=resize&TRANSPARENT=true&VERSION=1.1.1&SERVICE=WMS&REQUEST=GetMap&STYLES=&SRS=EPSG%3A3857&BBOX={:bbox3857:}&WIDTH=256&HEIGHT=256', 'layers': ''}}, 'download': {'url': 'https://theia.cnes.fr/atdistrib/resto2/collections/VENUSVM05/ea301e27-bc03-5fea-97f1-256461db05b4/download', 'mimeType': 'application/zip', 'checksum': '8b1cfea77857b978dad75039b886e53c'}}","https://mapserver.theia.cnes.fr/cgi-bin/mapserv?map=/nfs/muscate_data//muscate.map&idProduit=VENUS-XS_20230424-050327-000_L2A_BANDIPUR_D&versionProduit=3-1&idProjet=VENUSVM05&anneeProduit=2023&moisProduit=04&jourProduit=24&LAYERS=muscate&FORMAT=image%2Fpng&TRANSITIONEFFECT=resize&TRANSPARENT=true&VERSION=1.1.1&SERVICE=WMS&REQUEST=GetMap&STYLES=&SRS=EPSG%3A3857&BBOX=8505923.5472945,1298624.7539465,8547798.2992842,1335520.4642432&WIDTH=256&HEIGHT=256&"
2,VENUSVM05,VENUS-XS_20230421-050413-000_L2A_BANDIPUR_D,urn:ogc:def:EOP:CNES::VENUSVM05:,THEIA,2023-04-21T05:04:13Z,2023-04-21T05:04:13Z,REFLECTANCE,LEVEL2A,VENUS,,4,XS,30744,30744,https://theia.cnes.fr/data//VENUSVM05/2023/04/21/VENUS-XS_20230421-050413-000_L2A_BANDIPUR_D_V3-1/VENUS-XS_20230421-050413-000_L2A_BANDIPUR_D_V3-1_QKL_ALL.png,https://theia.cnes.fr/data//VENUSVM05/2023/04/21/VENUS-XS_20230421-050413-000_L2A_BANDIPUR_D_V3-1/VENUS-XS_20230421-050413-000_L2A_BANDIPUR_D_V3-1_THB_ALL.png,2023-04-27T20:21:33Z,2023-04-27T20:21:33Z,0,,11,"{'type': 'Point', 'coordinates': [76.598110198974, 11.748216629028]}",3-1,,,,,,BANDIPUR,2023-04-27T19:37:29Z,B1;B2;B3;B4;B5;B6;B7;B8;B9;B10;B11;B12,,10195,8916,,VENUS-XS_20230421-050413-000_L2A_BANDIPUR_D,CNES,"{'browse': {'title': 'Display full resolution product on map', 'layer': {'type': 'WMS', 'url': 'https://theia.cnes.fr/atdistrib/resto2/collections/VENUSVM05/151188c7-51f2-528f-9cc2-04ba1137d244/wms?map=/nfs/muscate_data//muscate.map&idProduit=VENUS-XS_20230421-050413-000_L2A_BANDIPUR_D&versionProduit=3-1&idProjet=VENUSVM05&anneeProduit=ANNEEPRODUIT&moisProduit=MOISPRODUIT&jourProduit=JOURPRODUIT&LAYERS=muscate&FORMAT=image%2Fpng&TRANSITIONEFFECT=resize&TRANSPARENT=true&VERSION=1.1.1&SERVICE=WMS&REQUEST=GetMap&STYLES=&SRS=EPSG%3A3857&BBOX={:bbox3857:}&WIDTH=256&HEIGHT=256', 'layers': ''}}, 'download': {'url': 'https://theia.cnes.fr/atdistrib/resto2/collections/VENUSVM05/151188c7-51f2-528f-9cc2-04ba1137d244/download', 'mimeType': 'application/zip', 'checksum': '0b485317102382dc8e62ed386ea60e13'}}","https://mapserver.theia.cnes.fr/cgi-bin/mapserv?map=/nfs/muscate_data//muscate.map&idProduit=VENUS-XS_20230421-050413-000_L2A_BANDIPUR_D&versionProduit=3-1&idProjet=VENUSVM05&anneeProduit=2023&moisProduit=04&jourProduit=21&LAYERS=muscate&FORMAT=image%2Fpng&TRANSITIONEFFECT=resize&TRANSPARENT=true&VERSION=1.1.1&SERVICE=WMS&REQUEST=GetMap&STYLES=&SRS=EPSG%3A3857&BBOX=8505935.4374988,1298624.7539465,8547789.8062811,1335520.3557447&WIDTH=256&HEIGHT=256&"
3,VENUSVM05,VENUS-XS_20230420-050427-000_L2A_BANDIPUR_D,urn:ogc:def:EOP:CNES::VENUSVM05:,THEIA,2023-04-20T05:04:27Z,2023-04-20T05:04:27Z,REFLECTANCE,LEVEL2A,VENUS,,4,XS,30729,30729,https://theia.cnes.fr/data//VENUSVM05/2023/04/20/VENUS-XS_20230420-050427-000_L2A_BANDIPUR_D_V3-1/VENUS-XS_20230420-050427-000_L2A_BANDIPUR_D_V3-1_QKL_ALL.png,https://theia.cnes.fr/data//VENUSVM05/2023/04/20/VENUS-XS_20230420-050427-000_L2A_BANDIPUR_D_V3-1/VENUS-XS_20230420-050427-000_L2A_BANDIPUR_D_V3-1_THB_ALL.png,2023-04-26T20:21:54Z,2023-04-26T20:21:54Z,0,,0,"{'type': 'Point', 'coordinates': [76.598094940186, 11.748217105865]}",3-1,,,,,,BANDIPUR,2023-04-26T19:36:43Z,B1;B2;B3;B4;B5;B6;B7;B8;B9;B10;B11;B12,,10200,8916,,VENUS-XS_20230420-050427-000_L2A_BANDIPUR_D,CNES,"{'browse': {'title': 'Display full resolution product on map', 'layer': {'type': 'WMS', 'url': 'https://theia.cnes.fr/atdistrib/resto2/collections/VENUSVM05/6b9f4f28-d741-5a8b-9856-29594bc763a3/wms?map=/nfs/muscate_data//muscate.map&idProduit=VENUS-XS_20230420-050427-000_L2A_BANDIPUR_D&versionProduit=3-1&idProjet=VENUSVM05&anneeProduit=ANNEEPRODUIT&moisProduit=MOISPRODUIT&jourProduit=JOURPRODUIT&LAYERS=muscate&FORMAT=image%2Fpng&TRANSITIONEFFECT=resize&TRANSPARENT=true&VERSION=1.1.1&SERVICE=WMS&REQUEST=GetMap&STYLES=&SRS=EPSG%3A3857&BBOX={:bbox3857:}&WIDTH=256&HEIGHT=256', 'layers': ''}}, 'download': {'url': 'https://theia.cnes.fr/atdistrib/resto2/collections/VENUSVM05/6b9f4f28-d741-5a8b-9856-29594bc763a3/download', 'mimeType': 'application/zip', 'checksum': '6183699ba9db3a2f742dfe3f52a7bd22'}}","https://mapserver.theia.cnes.fr/cgi-bin/mapserv?map=/nfs/muscate_data//muscate.map&idProduit=VENUS-XS_20230420-050427-000_L2A_BANDIPUR_D&versionProduit=3-1&idProjet=VENUSVM05&anneeProduit=2023&moisProduit=04&jourProduit=20&LAYERS=muscate&FORMAT=image%2Fpng&TRANSITIONEFFECT=resize&TRANSPARENT=true&VERSION=1.1.1&SERVICE=WMS&REQUEST=GetMap&STYLES=&SRS=EPSG%3A3857&BBOX=8505923.5472945,1298624.7539465,8547798.2992842,1335520.4642432&WIDTH=256&HEIGHT=256&"
4,VENUSVM05,VENUS-XS_20230419-050440-000_L2A_BANDIPUR_D,urn:ogc:def:EOP:CNES::VENUSVM05:,THEIA,2023-04-19T05:04:40Z,2023-04-19T05:04:40Z,REFLECTANCE,LEVEL2A,VENUS,,4,XS,30714,30714,https://theia.cnes.fr/data//VENUSVM05/2023/04/19/VENUS-XS_20230419-050440-000_L2A_BANDIPUR_D_V3-1/VENUS-XS_20230419-050440-000_L2A_BANDIPUR_D_V3-1_QKL_ALL.png,https://theia.cnes.fr/data//VENUSVM05/2023/04/19/VENUS-XS_20230419-050440-000_L2A_BANDIPUR_D_V3-1/VENUS-XS_20230419-050440-000_L2A_BANDIPUR_D_V3-1_THB_ALL.png,2023-04-25T20:21:30Z,2023-04-25T20:21:30Z,0,,1,"{'type': 'Point', 'coordinates': [76.598110198974, 11.748216629028]}",3-1,,,,,,BANDIPUR,2023-04-25T18:39:24Z,B1;B2;B3;B4;B5;B6;B7;B8;B9;B10;B11;B12,,10195,8916,,VENUS-XS_20230419-050440-000_L2A_BANDIPUR_D,CNES,"{'browse': {'title': 'Display full resolution product on map', 'layer': {'type': 'WMS', 'url': 'https://theia.cnes.fr/atdistrib/resto2/collections/VENUSVM05/62af62b2-f7b0-5ea8-a610-4a67b9cf2429/wms?map=/nfs/muscate_data//muscate.map&idProduit=VENUS-XS_20230419-050440-000_L2A_BANDIPUR_D&versionProduit=3-1&idProjet=VENUSVM05&anneeProduit=ANNEEPRODUIT&moisProduit=MOISPRODUIT&jourProduit=JOURPRODUIT&LAYERS=muscate&FORMAT=image%2Fpng&TRANSITIONEFFECT=resize&TRANSPARENT=true&VERSION=1.1.1&SERVICE=WMS&REQUEST=GetMap&STYLES=&SRS=EPSG%3A3857&BBOX={:bbox3857:}&WIDTH=256&HEIGHT=256', 'layers': ''}}, 'download': {'url': 'https://theia.cnes.fr/atdistrib/resto2/collections/VENUSVM05/62af62b2-f7b0-5ea8-a610-4a67b9cf2429/download', 'mimeType': 'application/zip', 'checksum': '5d72694c2ac734b619d4b5a2d8b8db9f'}}","https://mapserver.theia.cnes.fr/cgi-bin/mapserv?map=/nfs/muscate_data//muscate.map&idProduit=VENUS-XS_20230419-050440-000_L2A_BANDIPUR_D&versionProduit=3-1&idProjet=VENUSVM05&anneeProduit=2023&moisProduit=04&jourProduit=19&LAYERS=muscate&FORMAT=image%2Fpng&TRANSITIONEFFECT=resize&TRANSPARENT=true&VERSION=1.1.1&SERVICE=WMS&REQUEST=GetMap&STYLES=&SRS=EPSG%3A3857&BBOX=8505935.4374988,1298624.7539465,8547789.8062811,1335520.3557447&WIDTH=256&HEIGHT=256&"
5,VENUSVM05,VENUS-XS_20230417-050504-000_L2A_BANDIPUR_D,urn:ogc:def:EOP:CNES::VENUSVM05:,THEIA,2023-04-17T05:05:04Z,2023-04-17T05:05:04Z,REFLECTANCE,LEVEL2A,VENUS,,4,XS,30684,30684,https://theia.cnes.fr/data//VENUSVM05/2023/04/17/VENUS-XS_20230417-050504-000_L2A_BANDIPUR_D_V3-1/VENUS-XS_20230417-050504-000_L2A_BANDIPUR_D_V3-1_QKL_ALL.png,https://theia.cnes.fr/data//VENUSVM05/2023/04/17/VENUS-XS_20230417-050504-000_L2A_BANDIPUR_D_V3-1/VENUS-XS_20230417-050504-000_L2A_BANDIPUR_D_V3-1_THB_ALL.png,2023-04-25T08:21:17Z,2023-04-25T08:21:17Z,0,,6,"{'type': 'Point', 'coordinates': [76.598110198974, 11.748216629028]}",3-1,,,,,,BANDIPUR,2023-04-25T07:37:34Z,B1;B2;B3;B4;B5;B6;B7;B8;B9;B10;B11;B12,,10195,8916,,VENUS-XS_20230417-050504-000_L2A_BANDIPUR_D,CNES,"{'browse': {'title': 'Display full resolution product on map', 'layer': {'type': 'WMS', 'url': 'https://theia.cnes.fr/atdistrib/resto2/collections/VENUSVM05/17a14aef-22bd-57bb-9a5d-78b19ecd4758/wms?map=/nfs/muscate_data//muscate.map&idProduit=VENUS-XS_20230417-050504-000_L2A_BANDIPUR_D&versionProduit=3-1&idProjet=VENUSVM05&anneeProduit=ANNEEPRODUIT&moisProduit=MOISPRODUIT&jourProduit=JOURPRODUIT&LAYERS=muscate&FORMAT=image%2Fpng&TRANSITIONEFFECT=resize&TRANSPARENT=true&VERSION=1.1.1&SERVICE=WMS&REQUEST=GetMap&STYLES=&SRS=EPSG%3A3857&BBOX={:bbox3857:}&WIDTH=256&HEIGHT=256', 'layers': ''}}, 'download': {'url': 'https://theia.cnes.fr/atdistrib/resto2/collections/VENUSVM05/17a14aef-22bd-57bb-9a5d-78b19ecd4758/download', 'mimeType': 'application/zip', 'checksum': '1bf5907b7eb28b3efa444426a9c7879c'}}","https://mapserver.theia.cnes.fr/cgi-bin/mapserv?map=/nfs/muscate_data//muscate.map&idProduit=VENUS-XS_20230417-050504-000_L2A_BANDIPUR_D&versionProduit=3-1&idProjet=VENUSVM05&anneeProduit=2023&moisProduit=04&jourProduit=17&LAYERS=muscate&FORMAT=image%2Fpng&TRANSITIONEFFECT=resize&TRANSPARENT=true&VERSION=1.1.1&SERVICE=WMS&REQUEST=GetMap&STYLES=&SRS=EPSG%3A3857&BBOX=8505935.4374988,1298624.7539465,8547789.8062811,1335520.3557447&WIDTH=256&HEIGHT=256&"
6,VENUSVM05,VENUS-XS_20230416-050514-000_L2A_BANDIPUR_D,urn:ogc:def:EOP:CNES::VENUSVM05:,THEIA,2023-04-16T05:05:14Z,2023-04-16T05:05:14Z,REFLECTANCE,LEVEL2A,VENUS,,4,XS,30669,30669,https://theia.cnes.fr/data//VENUSVM05/2023/04/16/VENUS-XS_20230416-050514-000_L2A_BANDIPUR_D_V3-1/VENUS-XS_20230416-050514-000_L2A_BANDIPUR_D_V3-1_QKL_ALL.png,https://theia.cnes.fr/data//VENUSVM05/2023/04/16/VENUS-XS_20230416-050514-000_L2A_BANDIPUR_D_V3-1/VENUS-XS_20230416-050514-000_L2A_BANDIPUR_D_V3-1_THB_ALL.png,2023-04-25T08:21:17Z,2023-04-25T08:21:17Z,0,,0,"{'type': 'Point', 'coordinates': [76.598094940186, 11.748217105865]}",3-1,,,,,,BANDIPUR,2023-04-25T06:36:31Z,B1;B2;B3;B4;B5;B6;B7;B8;B9;B10;B11;B12,,10200,8916,,VENUS-XS_20230416-050514-000_L2A_BANDIPUR_D,CNES,"{'browse': {'title': 'Display full resolution product on map', 'layer': {'type': 'WMS', 'url': 'https://theia.cnes.fr/atdistrib/resto2/collections/VENUSVM05/d04bb6ba-ed01-5a9b-b840-dc16be5acd85/wms?map=/nfs/muscate_data//muscate.map&idProduit=VENUS-XS_20230416-050514-000_L2A_BANDIPUR_D&versionProduit=3-1&idProjet=VENUSVM05&anneeProduit=ANNEEPRODUIT&moisProduit=MOISPRODUIT&jourProduit=JOURPRODUIT&LAYERS=muscate&FORMAT=image%2Fpng&TRANSITIONEFFECT=resize&TRANSPARENT=true&VERSION=1.1.1&SERVICE=WMS&REQUEST=GetMap&STYLES=&SRS=EPSG%3A3857&BBOX={:bbox3857:}&WIDTH=256&HEIGHT=256', 'layers': ''}}, 'download': {'url': 'https://theia.cnes.fr/atdistrib/resto2/collections/VENUSVM05/d04bb6ba-ed01-5a9b-b840-dc16be5acd85/download', 'mimeType': 'application/zip', 'checksum': '5daee33a046b2f08a29e10d1c5a268bf'}}","https://mapserver.theia.cnes.fr/cgi-bin/mapserv?map=/nfs/muscate_data//muscate.map&idProduit=VENUS-XS_20230416-050514-000_L2A_BANDIPUR_D&versionProduit=3-1&idProjet=VENUSVM05&anneeProduit=2023&moisProduit=04&jourProduit=16&LAYERS=muscate&FORMAT=image%2Fpng&TRANSITIONEFFECT=resize&TRANSPARENT=true&VERSION=1.1.1&SERVICE=WMS&REQUEST=GetMap&STYLES=&SRS=EPSG%3A3857&BBOX=8505923.5472945,1298624.7539465,8547798.2992842,1335520.4642432&WIDTH=256&HEIGHT=256&"
7,VENUSVM05,VENUS-XS_20230414-050532-000_L2A_BANDIPUR_D,urn:ogc:def:EOP:CNES::VENUSVM05:,THEIA,2023-04-14T05:05:32Z,2023-04-14T05:05:32Z,REFLECTANCE,LEVEL2A,VENUS,,4,XS,30639,30639,https://theia.cnes.fr/data//VENUSVM05/2023/04/14/VENUS-XS_20230414-050532-000_L2A_BANDIPUR_D_V3-1/VENUS-XS_20230414-050532-000_L2A_BANDIPUR_D_V3-1_QKL_ALL.png,https://theia.cnes.fr/data//VENUSVM05/2023/04/14/VENUS-XS_20230414-050532-000_L2A_BANDIPUR_D_V3-1/VENUS-XS_20230414-050532-000_L2A_BANDIPUR_D_V3-1_THB_ALL.png,2023-04-20T20:22:41Z,2023-04-20T20:22:41Z,0,,0,"{'type': 'Point', 'coordinates': [76.598094940186, 11.748217105865]}",3-1,,,,,,BANDIPUR,2023-04-20T18:36:54Z,B1;B2;B3;B4;B5;B6;B7;B8;B9;B10;B11;B12,,10200,8916,,VENUS-XS_20230414-050532-000_L2A_BANDIPUR_D,CNES,"{'browse': {'title': 'Display full resolution product on map', 'layer': {'type': 'WMS', 'url': 'https://theia.cnes.fr/atdistrib/resto2/collections/VENUSVM05/4f7881c4-a762-5824-b08f-e751d78e866a/wms?map=/nfs/muscate_data//muscate.map&idProduit=VENUS-XS_20230414-050532-000_L2A_BANDIPUR_D&versionProduit=3-1&idProjet=VENUSVM05&anneeProduit=ANNEEPRODUIT&moisProduit=MOISPRODUIT&jourProduit=JOURPRODUIT&LAYERS=muscate&FORMAT=image%2Fpng&TRANSITIONEFFECT=resize&TRANSPARENT=true&VERSION=1.1.1&SERVICE=WMS&REQUEST=GetMap&STYLES=&SRS=EPSG%3A3857&BBOX={:bbox3857:}&WIDTH=256&HEIGHT=256', 'layers': ''}}, 'download': {'url': 'https://theia.cnes.fr/atdistrib/resto2/collections/VENUSVM05/4f7881c4-a762-5824-b08f-e751d78e866a/download', 'mimeType': 'application/zip', 'checksum': '3c771f2466b199eb4a816f6b85d7ecfa'}}","https://mapserver.theia.cnes.fr/cgi-bin/mapserv?map=/nfs/muscate_data//muscate.map&idProduit=VENUS-XS_20230414-050532-000_L2A_BANDIPUR_D&versionProduit=3-1&idProjet=VENUSVM05&anneeProduit=2023&moisProduit=04&jourProduit=14&LAYERS=muscate&FORMAT=image%2Fpng&TRANSITIONEFFECT=resize&TRANSPARENT=true&VERSION=1.1.1&SERVICE=WMS&REQUEST=GetMap&STYLES=&SRS=EPSG%3A3857&BBOX=8505923.5472945,1298624.7539465,8547798.2992842,1335520.4642432&WIDTH=256&HEIGHT=256&"
8,VENUSVM05,VENUS-XS_20230412-050546-000_L2A_BANDIPUR_D,urn:ogc:def:EOP:CNES::VENUSVM05:,THEIA,2023-04-12T05:05:46Z,2023-04-12T05:05:46Z,REFLECTANCE,LEVEL2A,VENUS,,4,XS,30609,30609,https://theia.cnes.fr/data//VENUSVM05/2023/04/12/VENUS-XS_20230412-050546-000_L2A_BANDIPUR_D_V3-1/VENUS-XS_20230412-050546-000_L2A_BANDIPUR_D_V3-1_QKL_ALL.png,https://theia.cnes.fr/data//VENUSVM05/2023/04/12/VENUS-XS_20230412-050546-000_L2A_BANDIPUR_D_V3-1/VENUS-XS_20230412-050546-000_L2A_BANDIPUR_D_V3-1_THB_ALL.png,2023-04-18T22:21:58Z,2023-04-18T22:21:58Z,0,,4,"{'type': 'Point', 'coordinates': [76.598094940186, 11.748217105865]}",3-1,,,,,,BANDIPUR,2023-04-18T20:37:12Z,B1;B2;B3;B4;B5;B6;B7;B8;B9;B10;B11;B12,,10200,8916,,VENUS-XS_20230412-050546-000_L2A_BANDIPUR_D,CNES,"{'browse': {'title': 'Display full resolution product on map', 'layer': {'type': 'WMS', 'url': 'https://theia.cnes.fr/atdistrib/resto2/collections/VENUSVM05/d0ed291d-b7b7-503c-89c1-0dde44d13b50/wms?map=/nfs/muscate_data//muscate.map&idProduit=VENUS-XS_20230412-050546-000_L2A_BANDIPUR_D&versionProduit=3-1&idProjet=VENUSVM05&anneeProduit=ANNEEPRODUIT&moisProduit=MOISPRODUIT&jourProduit=JOURPRODUIT&LAYERS=muscate&FORMAT=image%2Fpng&TRANSITIONEFFECT=resize&TRANSPARENT=true&VERSION=1.1.1&SERVICE=WMS&REQUEST=GetMap&STYLES=&SRS=EPSG%3A3857&BBOX={:bbox3857:}&WIDTH=256&HEIGHT=256', 'layers': ''}}, 'download': {'url': 'https://theia.cnes.fr/atdistrib/resto2/collections/VENUSVM05/d0ed291d-b7b7-503c-89c1-0dde44d13b50/download', 'mimeType': 'application/zip', 'checksum': '57c97e25634253b4beafa85ed7693c69'}}","https://mapserver.theia.cnes.fr/cgi-bin/mapserv?map=/nfs/muscate_data//muscate.map&idProduit=VENUS-XS_20230412-050546-000_L2A_BANDIPUR_D&versionProduit=3-1&idProjet=VENUSVM05&anneeProduit=2023&moisProduit=04&jourProduit=12&LAYERS=muscate&FORMAT=image%2Fpng&TRANSITIONEFFECT=resize&TRANSPARENT=true&VERSION=1.1.1&SERVICE=WMS&REQUEST=GetMap&STYLES=&SRS=EPSG%3A3857&BBOX=8505923.5472945,1298624.7539465,8547798.2992842,1335520.4642432&WIDTH=256&HEIGHT=256&"
9,VENUSVM05,VENUS-XS_20230410-050558-000_L2A_BANDIPUR_D,urn:ogc:def:EOP:CNES::VENUSVM05:,THEIA,2023-04-10T05:05:58Z,2023-04-10T05:05:58Z,REFLECTANCE,LEVEL2A,VENUS,,4,XS,30579,30579,https://theia.cnes.fr/data//VENUSVM05/2023/04/10/VENUS-XS_20230410-050558-000_L2A_BANDIPUR_D_V3-1/VENUS-XS_20230410-050558-000_L2A_BANDIPUR_D_V3-1_QKL_ALL.png,https://theia.cnes.fr/data//VENUSVM05/2023/04/10/VENUS-XS_20230410-050558-000_L2A_BANDIPUR_D_V3-1/VENUS-XS_20230410-050558-000_L2A_BANDIPUR_D_V3-1_THB_ALL.png,2023-04-16T20:22:06Z,2023-04-16T20:22:06Z,0,,1,"{'type': 'Point', 'coordinates': [76.598094940186, 11.748217105865]}",3-1,,,,,,BANDIPUR,2023-04-16T18:37:23Z,B1;B2;B3;B4;B5;B6;B7;B8;B9;B10;B11;B12,,10200,8916,,VENUS-XS_20230410-050558-000_L2A_BANDIPUR_D,CNES,"{'browse': {'title': 'Display full resolution product on map', 'layer': {'type': 'WMS', 'url': 'https://theia.cnes.fr/atdistrib/resto2/collections/VENUSVM05/fbbfc9dd-1178-5993-b881-2795fd36be8b/wms?map=/nfs/muscate_data//muscate.map&idProduit=VENUS-XS_20230410-050558-000_L2A_BANDIPUR_D&versionProduit=3-1&idProjet=VENUSVM05&anneeProduit=ANNEEPRODUIT&moisProduit=MOISPRODUIT&jourProduit=JOURPRODUIT&LAYERS=muscate&FORMAT=image%2Fpng&TRANSITIONEFFECT=resize&TRANSPARENT=true&VERSION=1.1.1&SERVICE=WMS&REQUEST=GetMap&STYLES=&SRS=EPSG%3A3857&BBOX={:bbox3857:}&WIDTH=256&HEIGHT=256', 'layers': ''}}, 'download': {'url': 'https://theia.cnes.fr/atdistrib/resto2/collections/VENUSVM05/fbbfc9dd-1178-5993-b881-2795fd36be8b/download', 'mimeType': 'application/zip', 'checksum': 'e407f974e16d6b7cce25b781cc1b3be8'}}","https://mapserver.theia.cnes.fr/cgi-bin/mapserv?map=/nfs/muscate_data//muscate.map&idProduit=VENUS-XS_20230410-050558-000_L2A_BANDIPUR_D&versionProduit=3-1&idProjet=VENUSVM05&anneeProduit=2023&moisProduit=04&jourProduit=10&LAYERS=muscate&FORMAT=image%2Fpng&TRANSITIONEFFECT=resize&TRANSPARENT=true&VERSION=1.1.1&SERVICE=WMS&REQUEST=GetMap&STYLES=&SRS=EPSG%3A3857&BBOX=8505923.5472945,1298624.7539465,8547798.2992842,1335520.4642432&WIDTH=256&HEIGHT=256&"
10,VENUSVM05,VENUS-XS_20230323-050543-000_L2A_BANDIPUR_D,urn:ogc:def:EOP:CNES::VENUSVM05:,THEIA,2023-03-23T05:05:43Z,2023-03-23T05:05:43Z,REFLECTANCE,LEVEL2A,VENUS,,4,XS,30309,30309,https://theia.cnes.fr/data//VENUSVM05/2023/03/23/VENUS-XS_20230323-050543-000_L2A_BANDIPUR_D_V3-1/VENUS-XS_20230323-050543-000_L2A_BANDIPUR_D_V3-1_QKL_ALL.png,https://theia.cnes.fr/data//VENUSVM05/2023/03/23/VENUS-XS_20230323-050543-000_L2A_BANDIPUR_D_V3-1/VENUS-XS_20230323-050543-000_L2A_BANDIPUR_D_V3-1_THB_ALL.png,2023-03-29T20:22:01Z,2023-03-29T20:22:01Z,0,,24,"{'type': 'Point', 'coordinates': [76.598094940186, 11.748217105865]}",3-1,,,,,,BANDIPUR,2023-03-29T18:37:38Z,B1;B2;B3;B4;B5;B6;B7;B8;B9;B10;B11;B12,,10200,8916,,VENUS-XS_20230323-050543-000_L2A_BANDIPUR_D,CNES,"{'browse': {'title': 'Display full resolution product on map', 'layer': {'type': 'WMS', 'url': 'https://theia.cnes.fr/atdistrib/resto2/collections/VENUSVM05/fe25e1b8-2ca9-5745-8676-be61a9a0c67a/wms?map=/nfs/muscate_data//muscate.map&idProduit=VENUS-XS_20230323-050543-000_L2A_BANDIPUR_D&versionProduit=3-1&idProjet=VENUSVM05&anneeProduit=ANNEEPRODUIT&moisProduit=MOISPRODUIT&jourProduit=JOURPRODUIT&LAYERS=muscate&FORMAT=image%2Fpng&TRANSITIONEFFECT=resize&TRANSPARENT=true&VERSION=1.1.1&SERVICE=WMS&REQUEST=GetMap&STYLES=&SRS=EPSG%3A3857&BBOX={:bbox3857:}&WIDTH=256&HEIGHT=256', 'layers': ''}}, 'download': {'url': 'https://theia.cnes.fr/atdistrib/resto2/collections/VENUSVM05/fe25e1b8-2ca9-5745-8676-be61a9a0c67a/download', 'mimeType': 'application/zip', 'checksum': '15a7fa6e58162ecb4ce4b94cc70eaba3'}}","https://mapserver.theia.cnes.fr/cgi-bin/mapserv?map=/nfs/muscate_data//muscate.map&idProduit=VENUS-XS_20230323-050543-000_L2A_BANDIPUR_D&versionProduit=3-1&idProjet=VENUSVM05&anneeProduit=2023&moisProduit=03&jourProduit=23&LAYERS=muscate&FORMAT=image%2Fpng&TRANSITIONEFFECT=resize&TRANSPARENT=true&VERSION=1.1.1&SERVICE=WMS&REQUEST=GetMap&STYLES=&SRS=EPSG%3A3857&BBOX=8505923.5472945,1298624.7539465,8547798.2992842,1335520.4642432&WIDTH=256&HEIGHT=256&"
11,VENUSVM05,VENUS-XS_20230313-050553-000_L2A_BANDIPUR_D,urn:ogc:def:EOP:CNES::VENUSVM05:,THEIA,2023-03-13T05:05:53Z,2023-03-13T05:05:53Z,REFLECTANCE,LEVEL2A,VENUS,,4,XS,30159,30159,https://theia.cnes.fr/data//VENUSVM05/2023/03/13/VENUS-XS_20230313-050553-000_L2A_BANDIPUR_D_V3-1/VENUS-XS_20230313-050553-000_L2A_BANDIPUR_D_V3-1_QKL_ALL.png,https://theia.cnes.fr/data//VENUSVM05/2023/03/13/VENUS-XS_20230313-050553-000_L2A_BANDIPUR_D_V3-1/VENUS-XS_20230313-050553-000_L2A_BANDIPUR_D_V3-1_THB_ALL.png,2023-03-27T20:34:21Z,2023-03-27T20:34:21Z,0,,0,"{'type': 'Point', 'coordinates': [76.598094940186, 11.748217105865]}",3-1,,,,,,BANDIPUR,2023-03-27T19:52:36Z,B1;B2;B3;B4;B5;B6;B7;B8;B9;B10;B11;B12,,10200,8916,,VENUS-XS_20230313-050553-000_L2A_BANDIPUR_D,CNES,"{'browse': {'title': 'Display full resolution product on map', 'layer': {'type': 'WMS', 'url': 'https://theia.cnes.fr/atdistrib/resto2/collections/VENUSVM05/165e18e6-18f6-5898-b030-d9503b083fb7/wms?map=/nfs/muscate_data//muscate.map&idProduit=VENUS-XS_20230313-050553-000_L2A_BANDIPUR_D&versionProduit=3-1&idProjet=VENUSVM05&anneeProduit=ANNEEPRODUIT&moisProduit=MOISPRODUIT&jourProduit=JOURPRODUIT&LAYERS=muscate&FORMAT=image%2Fpng&TRANSITIONEFFECT=resize&TRANSPARENT=true&VERSION=1.1.1&SERVICE=WMS&REQUEST=GetMap&STYLES=&SRS=EPSG%3A3857&BBOX={:bbox3857:}&WIDTH=256&HEIGHT=256', 'layers': ''}}, 'download': {'url': 'https://theia.cnes.fr/atdistrib/resto2/collections/VENUSVM05/165e18e6-18f6-5898-b030-d9503b083fb7/download', 'mimeType': 'application/zip', 'checksum': '666dddc21c4e61a603f6997e97e2982b'}}","https://mapserver.theia.cnes.fr/cgi-bin/mapserv?map=/nfs/muscate_data//muscate.map&idProduit=VENUS-XS_20230313-050553-000_L2A_BANDIPUR_D&versionProduit=3-1&idProjet=VENUSVM05&anneeProduit=2023&moisProduit=03&jourProduit=13&LAYERS=muscate&FORMAT=image%2Fpng&TRANSITIONEFFECT=resize&TRANSPARENT=true&VERSION=1.1.1&SERVICE=WMS&REQUEST=GetMap&STYLES=&SRS=EPSG%3A3857&BBOX=8505923.5472945,1298624.7539465,8547798.2992842,1335520.4642432&WIDTH=256&HEIGHT=256&"
12,VENUSVM05,VENUS-XS_20230311-050604-000_L2A_BANDIPUR_D,urn:ogc:def:EOP:CNES::VENUSVM05:,THEIA,2023-03-11T05:06:04Z,2023-03-11T05:06:04Z,REFLECTANCE,LEVEL2A,VENUS,,4,XS,30129,30129,https://theia.cnes.fr/data//VENUSVM05/2023/03/11/VENUS-XS_20230311-050604-000_L2A_BANDIPUR_D_V3-1/VENUS-XS_20230311-050604-000_L2A_BANDIPUR_D_V3-1_QKL_ALL.png,https://theia.cnes.fr/data//VENUSVM05/2023/03/11/VENUS-XS_20230311-050604-000_L2A_BANDIPUR_D_V3-1/VENUS-XS_20230311-050604-000_L2A_BANDIPUR_D_V3-1_THB_ALL.png,2023-03-30T08:23:03Z,2023-03-30T08:23:03Z,0,,0,"{'type': 'Point', 'coordinates': [76.598094940186, 11.748217105865]}",3-1,,,,,,BANDIPUR,2023-03-28T11:41:01Z,B1;B2;B3;B4;B5;B6;B7;B8;B9;B10;B11;B12,,10200,8916,,VENUS-XS_20230311-050604-000_L2A_BANDIPUR_D,CNES,"{'browse': {'title': 'Display full resolution product on map', 'layer': {'type': 'WMS', 'url': 'https://theia.cnes.fr/atdistrib/resto2/collections/VENUSVM05/f8d6a24d-bd4d-505f-9dbc-b192d339c393/wms?map=/nfs/muscate_data//muscate.map&idProduit=VENUS-XS_20230311-050604-000_L2A_BANDIPUR_D&versionProduit=3-1&idProjet=VENUSVM05&anneeProduit=ANNEEPRODUIT&moisProduit=MOISPRODUIT&jourProduit=JOURPRODUIT&LAYERS=muscate&FORMAT=image%2Fpng&TRANSITIONEFFECT=resize&TRANSPARENT=true&VERSION=1.1.1&SERVICE=WMS&REQUEST=GetMap&STYLES=&SRS=EPSG%3A3857&BBOX={:bbox3857:}&WIDTH=256&HEIGHT=256', 'layers': ''}}, 'download': {'url': 'https://theia.cnes.fr/atdistrib/resto2/collections/VENUSVM05/f8d6a24d-bd4d-505f-9dbc-b192d339c393/download', 'mimeType': 'application/zip', 'checksum': 'b87000d2e4489d283d690bef5091bb63'}}","https://mapserver.theia.cnes.fr/cgi-bin/mapserv?map=/nfs/muscate_data//muscate.map&idProduit=VENUS-XS_20230311-050604-000_L2A_BANDIPUR_D&versionProduit=3-1&idProjet=VENUSVM05&anneeProduit=2023&moisProduit=03&jourProduit=11&LAYERS=muscate&FORMAT=image%2Fpng&TRANSITIONEFFECT=resize&TRANSPARENT=true&VERSION=1.1.1&SERVICE=WMS&REQUEST=GetMap&STYLES=&SRS=EPSG%3A3857&BBOX=8505923.5472945,1298624.7539465,8547798.2992842,1335520.4642432&WIDTH=256&HEIGHT=256&"
13,VENUSVM05,VENUS-XS_20230306-050609-000_L2A_BANDIPUR_D,urn:ogc:def:EOP:CNES::VENUSVM05:,THEIA,2023-03-06T05:06:09Z,2023-03-06T05:06:09Z,REFLECTANCE,LEVEL2A,VENUS,,4,XS,30054,30054,https://theia.cnes.fr/data//VENUSVM05/2023/03/06/VENUS-XS_20230306-050609-000_L2A_BANDIPUR_D_V3-1/VENUS-XS_20230306-050609-000_L2A_BANDIPUR_D_V3-1_QKL_ALL.png,https://theia.cnes.fr/data//VENUSVM05/2023/03/06/VENUS-XS_20230306-050609-000_L2A_BANDIPUR_D_V3-1/VENUS-XS_20230306-050609-000_L2A_BANDIPUR_D_V3-1_THB_ALL.png,2023-03-27T20:22:28Z,2023-03-27T20:22:28Z,0,,0,"{'type': 'Point', 'coordinates': [76.598110198974, 11.748216629028]}",3-1,,,,,,BANDIPUR,2023-03-27T18:48:17Z,B1;B2;B3;B4;B5;B6;B7;B8;B9;B10;B11;B12,,10195,8916,,VENUS-XS_20230306-050609-000_L2A_BANDIPUR_D,CNES,"{'browse': {'title': 'Display full resolution product on map', 'layer': {'type': 'WMS', 'url': 'https://theia.cnes.fr/atdistrib/resto2/collections/VENUSVM05/c64d600b-cac0-5dcb-beaa-5b90e79bf536/wms?map=/nfs/muscate_data//muscate.map&idProduit=VENUS-XS_20230306-050609-000_L2A_BANDIPUR_D&versionProduit=3-1&idProjet=VENUSVM05&anneeProduit=ANNEEPRODUIT&moisProduit=MOISPRODUIT&jourProduit=JOURPRODUIT&LAYERS=muscate&FORMAT=image%2Fpng&TRANSITIONEFFECT=resize&TRANSPARENT=true&VERSION=1.1.1&SERVICE=WMS&REQUEST=GetMap&STYLES=&SRS=EPSG%3A3857&BBOX={:bbox3857:}&WIDTH=256&HEIGHT=256', 'layers': ''}}, 'download': {'url': 'https://theia.cnes.fr/atdistrib/resto2/collections/VENUSVM05/c64d600b-cac0-5dcb-beaa-5b90e79bf536/download', 'mimeType': 'application/zip', 'checksum': 'd25f577505e9e2f23ed9d424377cb952'}}","https://mapserver.theia.cnes.fr/cgi-bin/mapserv?map=/nfs/muscate_data//muscate.map&idProduit=VENUS-XS_20230306-050609-000_L2A_BANDIPUR_D&versionProduit=3-1&idProjet=VENUSVM05&anneeProduit=2023&moisProduit=03&jourProduit=06&LAYERS=muscate&FORMAT=image%2Fpng&TRANSITIONEFFECT=resize&TRANSPARENT=true&VERSION=1.1.1&SERVICE=WMS&REQUEST=GetMap&STYLES=&SRS=EPSG%3A3857&BBOX=8505935.4374988,1298624.7539465,8547789.8062811,1335520.3557447&WIDTH=256&HEIGHT=256&"
14,VENUSVM05,VENUS-XS_20230304-050617-000_L2A_BANDIPUR_D,urn:ogc:def:EOP:CNES::VENUSVM05:,THEIA,2023-03-04T05:06:17Z,2023-03-04T05:06:17Z,REFLECTANCE,LEVEL2A,VENUS,,4,XS,30024,30024,https://theia.cnes.fr/data//VENUSVM05/2023/03/04/VENUS-XS_20230304-050617-000_L2A_BANDIPUR_D_V3-1/VENUS-XS_20230304-050617-000_L2A_BANDIPUR_D_V3-1_QKL_ALL.png,https://theia.cnes.fr/data//VENUSVM05/2023/03/04/VENUS-XS_20230304-050617-000_L2A_BANDIPUR_D_V3-1/VENUS-XS_20230304-050617-000_L2A_BANDIPUR_D_V3-1_THB_ALL.png,2023-03-27T16:24:10Z,2023-03-27T16:24:10Z,0,,0,"{'type': 'Point', 'coordinates': [76.598110198974, 11.748216629028]}",3-1,,,,,,BANDIPUR,2023-03-27T14:27:04Z,B1;B2;B3;B4;B5;B6;B7;B8;B9;B10;B11;B12,,10195,8916,,VENUS-XS_20230304-050617-000_L2A_BANDIPUR_D,CNES,"{'browse': {'title': 'Display full resolution product on map', 'layer': {'type': 'WMS', 'url': 'https://theia.cnes.fr/atdistrib/resto2/collections/VENUSVM05/bb247e97-3e5e-5a73-972c-6418219362f0/wms?map=/nfs/muscate_data//muscate.map&idProduit=VENUS-XS_20230304-050617-000_L2A_BANDIPUR_D&versionProduit=3-1&idProjet=VENUSVM05&anneeProduit=ANNEEPRODUIT&moisProduit=MOISPRODUIT&jourProduit=JOURPRODUIT&LAYERS=muscate&FORMAT=image%2Fpng&TRANSITIONEFFECT=resize&TRANSPARENT=true&VERSION=1.1.1&SERVICE=WMS&REQUEST=GetMap&STYLES=&SRS=EPSG%3A3857&BBOX={:bbox3857:}&WIDTH=256&HEIGHT=256', 'layers': ''}}, 'download': {'url': 'https://theia.cnes.fr/atdistrib/resto2/collections/VENUSVM05/bb247e97-3e5e-5a73-972c-6418219362f0/download', 'mimeType': 'application/zip', 'checksum': '3a9e17f649d5f1bcb5a6ec7ac998a36d'}}","https://mapserver.theia.cnes.fr/cgi-bin/mapserv?map=/nfs/muscate_data//muscate.map&idProduit=VENUS-XS_20230304-050617-000_L2A_BANDIPUR_D&versionProduit=3-1&idProjet=VENUSVM05&anneeProduit=2023&moisProduit=03&jourProduit=04&LAYERS=muscate&FORMAT=image%2Fpng&TRANSITIONEFFECT=resize&TRANSPARENT=true&VERSION=1.1.1&SERVICE=WMS&REQUEST=GetMap&STYLES=&SRS=EPSG%3A3857&BBOX=8505935.4374988,1298624.7539465,8547789.8062811,1335520.3557447&WIDTH=256&HEIGHT=256&"
15,VENUSVM05,VENUS-XS_20230303-050634-000_L2A_BANDIPUR_D,urn:ogc:def:EOP:CNES::VENUSVM05:,THEIA,2023-03-03T05:06:34Z,2023-03-03T05:06:34Z,REFLECTANCE,LEVEL2A,VENUS,,4,XS,30009,30009,https://theia.cnes.fr/data//VENUSVM05/2023/03/03/VENUS-XS_20230303-050634-000_L2A_BANDIPUR_D_V3-1/VENUS-XS_20230303-050634-000_L2A_BANDIPUR_D_V3-1_QKL_ALL.png,https://theia.cnes.fr/data//VENUSVM05/2023/03/03/VENUS-XS_20230303-050634-000_L2A_BANDIPUR_D_V3-1/VENUS-XS_20230303-050634-000_L2A_BANDIPUR_D_V3-1_THB_ALL.png,2023-03-25T00:25:21Z,2023-03-25T00:25:21Z,0,,0,"{'type': 'Point', 'coordinates': [76.598094940186, 11.748217105865]}",3-1,,,,,,BANDIPUR,2023-03-25T00:03:05Z,B1;B2;B3;B4;B5;B6;B7;B8;B9;B10;B11;B12,,10200,8916,,VENUS-XS_20230303-050634-000_L2A_BANDIPUR_D,CNES,"{'browse': {'title': 'Display full resolution product on map', 'layer': {'type': 'WMS', 'url': 'https://theia.cnes.fr/atdistrib/resto2/collections/VENUSVM05/10d87e8b-2ec5-5d0b-b25a-be1da489f614/wms?map=/nfs/muscate_data//muscate.map&idProduit=VENUS-XS_20230303-050634-000_L2A_BANDIPUR_D&versionProduit=3-1&idProjet=VENUSVM05&anneeProduit=ANNEEPRODUIT&moisProduit=MOISPRODUIT&jourProduit=JOURPRODUIT&LAYERS=muscate&FORMAT=image%2Fpng&TRANSITIONEFFECT=resize&TRANSPARENT=true&VERSION=1.1.1&SERVICE=WMS&REQUEST=GetMap&STYLES=&SRS=EPSG%3A3857&BBOX={:bbox3857:}&WIDTH=256&HEIGHT=256', 'layers': ''}}, 'download': {'url': 'https://theia.cnes.fr/atdistrib/resto2/collections/VENUSVM05/10d87e8b-2ec5-5d0b-b25a-be1da489f614/download', 'mimeType': 'application/zip', 'checksum': '87937e215174a14dc8d99c6b249d49ff'}}","https://mapserver.theia.cnes.fr/cgi-bin/mapserv?map=/nfs/muscate_data//muscate.map&idProduit=VENUS-XS_20230303-050634-000_L2A_BANDIPUR_D&versionProduit=3-1&idProjet=VENUSVM05&anneeProduit=2023&moisProduit=03&jourProduit=03&LAYERS=muscate&FORMAT=image%2Fpng&TRANSITIONEFFECT=resize&TRANSPARENT=true&VERSION=1.1.1&SERVICE=WMS&REQUEST=GetMap&STYLES=&SRS=EPSG%3A3857&BBOX=8505923.5472945,1298624.7539465,8547798.2992842,1335520.4642432&WIDTH=256&HEIGHT=256&"
16,VENUSVM05,VENUS-XS_20230302-050649-000_L2A_BANDIPUR_D,urn:ogc:def:EOP:CNES::VENUSVM05:,THEIA,2023-03-02T05:06:49Z,2023-03-02T05:06:49Z,REFLECTANCE,LEVEL2A,VENUS,,4,XS,29994,29994,https://theia.cnes.fr/data//VENUSVM05/2023/03/02/VENUS-XS_20230302-050649-000_L2A_BANDIPUR_D_V3-1/VENUS-XS_20230302-050649-000_L2A_BANDIPUR_D_V3-1_QKL_ALL.png,https://theia.cnes.fr/data//VENUSVM05/2023/03/02/VENUS-XS_20230302-050649-000_L2A_BANDIPUR_D_V3-1/VENUS-XS_20230302-050649-000_L2A_BANDIPUR_D_V3-1_THB_ALL.png,2023-03-24T22:30:05Z,2023-03-24T22:30:05Z,0,,3,"{'type': 'Point', 'coordinates': [76.598110198974, 11.748216629028]}",3-1,,,,,,BANDIPUR,2023-03-24T20:42:39Z,B1;B2;B3;B4;B5;B6;B7;B8;B9;B10;B11;B12,,10195,8916,,VENUS-XS_20230302-050649-000_L2A_BANDIPUR_D,CNES,"{'browse': {'title': 'Display full resolution product on map', 'layer': {'type': 'WMS', 'url': 'https://theia.cnes.fr/atdistrib/resto2/collections/VENUSVM05/49da8fb1-9f87-5e53-98e5-c46a43125e80/wms?map=/nfs/muscate_data//muscate.map&idProduit=VENUS-XS_20230302-050649-000_L2A_BANDIPUR_D&versionProduit=3-1&idProjet=VENUSVM05&anneeProduit=ANNEEPRODUIT&moisProduit=MOISPRODUIT&jourProduit=JOURPRODUIT&LAYERS=muscate&FORMAT=image%2Fpng&TRANSITIONEFFECT=resize&TRANSPARENT=true&VERSION=1.1.1&SERVICE=WMS&REQUEST=GetMap&STYLES=&SRS=EPSG%3A3857&BBOX={:bbox3857:}&WIDTH=256&HEIGHT=256', 'layers': ''}}, 'download': {'url': 'https://theia.cnes.fr/atdistrib/resto2/collections/VENUSVM05/49da8fb1-9f87-5e53-98e5-c46a43125e80/download', 'mimeType': 'application/zip', 'checksum': 'd4882a94f5a7086399b983a0d09e70f7'}}","https://mapserver.theia.cnes.fr/cgi-bin/mapserv?map=/nfs/muscate_data//muscate.map&idProduit=VENUS-XS_20230302-050649-000_L2A_BANDIPUR_D&versionProduit=3-1&idProjet=VENUSVM05&anneeProduit=2023&moisProduit=03&jourProduit=02&LAYERS=muscate&FORMAT=image%2Fpng&TRANSITIONEFFECT=resize&TRANSPARENT=true&VERSION=1.1.1&SERVICE=WMS&REQUEST=GetMap&STYLES=&SRS=EPSG%3A3857&BBOX=8505935.4374988,1298624.7539465,8547789.8062811,1335520.3557447&WIDTH=256&HEIGHT=256&"
17,VENUSVM05,VENUS-XS_20230228-050719-000_L2A_BANDIPUR_D,urn:ogc:def:EOP:CNES::VENUSVM05:,THEIA,2023-02-28T05:07:19Z,2023-02-28T05:07:19Z,REFLECTANCE,LEVEL2A,VENUS,,4,XS,29964,29964,https://theia.cnes.fr/data//VENUSVM05/2023/02/28/VENUS-XS_20230228-050719-000_L2A_BANDIPUR_D_V3-1/VENUS-XS_20230228-050719-000_L2A_BANDIPUR_D_V3-1_QKL_ALL.png,https://theia.cnes.fr/data//VENUSVM05/2023/02/28/VENUS-XS_20230228-050719-000_L2A_BANDIPUR_D_V3-1/VENUS-XS_20230228-050719-000_L2A_BANDIPUR_D_V3-1_THB_ALL.png,2023-03-24T22:32:03Z,2023-03-24T22:32:03Z,0,,0,"{'type': 'Point', 'coordinates': [76.598110198974, 11.748216629028]}",3-1,,,,,,BANDIPUR,2023-03-24T20:43:02Z,B1;B2;B3;B4;B5;B6;B7;B8;B9;B10;B11;B12,,10195,8916,,VENUS-XS_20230228-050719-000_L2A_BANDIPUR_D,CNES,"{'browse': {'title': 'Display full resolution product on map', 'layer': {'type': 'WMS', 'url': 'https://theia.cnes.fr/atdistrib/resto2/collections/VENUSVM05/de103cd2-024a-5887-b83e-697e7cefa822/wms?map=/nfs/muscate_data//muscate.map&idProduit=VENUS-XS_20230228-050719-000_L2A_BANDIPUR_D&versionProduit=3-1&idProjet=VENUSVM05&anneeProduit=ANNEEPRODUIT&moisProduit=MOISPRODUIT&jourProduit=JOURPRODUIT&LAYERS=muscate&FORMAT=image%2Fpng&TRANSITIONEFFECT=resize&TRANSPARENT=true&VERSION=1.1.1&SERVICE=WMS&REQUEST=GetMap&STYLES=&SRS=EPSG%3A3857&BBOX={:bbox3857:}&WIDTH=256&HEIGHT=256', 'layers': ''}}, 'download': {'url': 'https://theia.cnes.fr/atdistrib/resto2/collections/VENUSVM05/de103cd2-024a-5887-b83e-697e7cefa822/download', 'mimeType': 'application/zip', 'checksum': '84a307b824e0e00c62ef634db9cf28f7'}}","https://mapserver.theia.cnes.fr/cgi-bin/mapserv?map=/nfs/muscate_data//muscate.map&idProduit=VENUS-XS_20230228-050719-000_L2A_BANDIPUR_D&versionProduit=3-1&idProjet=VENUSVM05&anneeProduit=2023&moisProduit=02&jourProduit=28&LAYERS=muscate&FORMAT=image%2Fpng&TRANSITIONEFFECT=resize&TRANSPARENT=true&VERSION=1.1.1&SERVICE=WMS&REQUEST=GetMap&STYLES=&SRS=EPSG%3A3857&BBOX=8505935.4374988,1298624.7539465,8547789.8062811,1335520.3557447&WIDTH=256&HEIGHT=256&"
18,VENUSVM05,VENUS-XS_20230226-050743-000_L2A_BANDIPUR_D,urn:ogc:def:EOP:CNES::VENUSVM05:,THEIA,2023-02-26T05:07:43Z,2023-02-26T05:07:43Z,REFLECTANCE,LEVEL2A,VENUS,,4,XS,29934,29934,https://theia.cnes.fr/data//VENUSVM05/2023/02/26/VENUS-XS_20230226-050743-000_L2A_BANDIPUR_D_V3-1/VENUS-XS_20230226-050743-000_L2A_BANDIPUR_D_V3-1_QKL_ALL.png,https://theia.cnes.fr/data//VENUSVM05/2023/02/26/VENUS-XS_20230226-050743-000_L2A_BANDIPUR_D_V3-1/VENUS-XS_20230226-050743-000_L2A_BANDIPUR_D_V3-1_THB_ALL.png,2023-03-28T08:24:12Z,2023-03-28T08:24:12Z,0,,0,"{'type': 'Point', 'coordinates': [76.598110198974, 11.748216629028]}",3-1,,,,,,BANDIPUR,2023-03-24T17:58:30Z,B1;B2;B3;B4;B5;B6;B7;B8;B9;B10;B11;B12,,10195,8916,,VENUS-XS_20230226-050743-000_L2A_BANDIPUR_D,CNES,"{'browse': {'title': 'Display full resolution product on map', 'layer': {'type': 'WMS', 'url': 'https://theia.cnes.fr/atdistrib/resto2/collections/VENUSVM05/c903b811-316b-5961-b638-385a7ad4f0d5/wms?map=/nfs/muscate_data//muscate.map&idProduit=VENUS-XS_20230226-050743-000_L2A_BANDIPUR_D&versionProduit=3-1&idProjet=VENUSVM05&anneeProduit=ANNEEPRODUIT&moisProduit=MOISPRODUIT&jourProduit=JOURPRODUIT&LAYERS=muscate&FORMAT=image%2Fpng&TRANSITIONEFFECT=resize&TRANSPARENT=true&VERSION=1.1.1&SERVICE=WMS&REQUEST=GetMap&STYLES=&SRS=EPSG%3A3857&BBOX={:bbox3857:}&WIDTH=256&HEIGHT=256', 'layers': ''}}, 'download': {'url': 'https://theia.cnes.fr/atdistrib/resto2/collections/VENUSVM05/c903b811-316b-5961-b638-385a7ad4f0d5/download', 'mimeType': 'application/zip', 'checksum': 'ced2ae98ada3e286f674912b2c8714ff'}}","https://mapserver.theia.cnes.fr/cgi-bin/mapserv?map=/nfs/muscate_data//muscate.map&idProduit=VENUS-XS_20230226-050743-000_L2A_BANDIPUR_D&versionProduit=3-1&idProjet=VENUSVM05&anneeProduit=2023&moisProduit=02&jourProduit=26&LAYERS=muscate&FORMAT=image%2Fpng&TRANSITIONEFFECT=resize&TRANSPARENT=true&VERSION=1.1.1&SERVICE=WMS&REQUEST=GetMap&STYLES=&SRS=EPSG%3A3857&BBOX=8505935.4374988,1298624.7539465,8547789.8062811,1335520.3557447&WIDTH=256&HEIGHT=256&"
19,VENUSVM05,VENUS-XS_20230225-050754-000_L2A_BANDIPUR_D,urn:ogc:def:EOP:CNES::VENUSVM05:,THEIA,2023-02-25T05:07:54Z,2023-02-25T05:07:54Z,REFLECTANCE,LEVEL2A,VENUS,,4,XS,29919,29919,https://theia.cnes.fr/data//VENUSVM05/2023/02/25/VENUS-XS_20230225-050754-000_L2A_BANDIPUR_D_V3-1/VENUS-XS_20230225-050754-000_L2A_BANDIPUR_D_V3-1_QKL_ALL.png,https://theia.cnes.fr/data//VENUSVM05/2023/02/25/VENUS-XS_20230225-050754-000_L2A_BANDIPUR_D_V3-1/VENUS-XS_20230225-050754-000_L2A_BANDIPUR_D_V3-1_THB_ALL.png,2023-03-24T16:24:56Z,2023-03-24T16:24:56Z,0,,0,"{'type': 'Point', 'coordinates': [76.598094940186, 11.748217105865]}",3-1,,,,,,BANDIPUR,2023-03-24T15:04:17Z,B1;B2;B3;B4;B5;B6;B7;B8;B9;B10;B11;B12,,10200,8916,,VENUS-XS_20230225-050754-000_L2A_BANDIPUR_D,CNES,"{'browse': {'title': 'Display full resolution product on map', 'layer': {'type': 'WMS', 'url': 'https://theia.cnes.fr/atdistrib/resto2/collections/VENUSVM05/c7abfa33-3021-5753-a052-48db24d058d1/wms?map=/nfs/muscate_data//muscate.map&idProduit=VENUS-XS_20230225-050754-000_L2A_BANDIPUR_D&versionProduit=3-1&idProjet=VENUSVM05&anneeProduit=ANNEEPRODUIT&moisProduit=MOISPRODUIT&jourProduit=JOURPRODUIT&LAYERS=muscate&FORMAT=image%2Fpng&TRANSITIONEFFECT=resize&TRANSPARENT=true&VERSION=1.1.1&SERVICE=WMS&REQUEST=GetMap&STYLES=&SRS=EPSG%3A3857&BBOX={:bbox3857:}&WIDTH=256&HEIGHT=256', 'layers': ''}}, 'download': {'url': 'https://theia.cnes.fr/atdistrib/resto2/collections/VENUSVM05/c7abfa33-3021-5753-a052-48db24d058d1/download', 'mimeType': 'application/zip', 'checksum': 'e8cdf9f51e5d4efe2b803f6648caf995'}}","https://mapserver.theia.cnes.fr/cgi-bin/mapserv?map=/nfs/muscate_data//muscate.map&idProduit=VENUS-XS_20230225-050754-000_L2A_BANDIPUR_D&versionProduit=3-1&idProjet=VENUSVM05&anneeProduit=2023&moisProduit=02&jourProduit=25&LAYERS=muscate&FORMAT=image%2Fpng&TRANSITIONEFFECT=resize&TRANSPARENT=true&VERSION=1.1.1&SERVICE=WMS&REQUEST=GetMap&STYLES=&SRS=EPSG%3A3857&BBOX=8505923.5472945,1298624.7539465,8547798.2992842,1335520.4642432&WIDTH=256&HEIGHT=256&"
20,VENUSVM05,VENUS-XS_20230224-050805-000_L2A_BANDIPUR_D,urn:ogc:def:EOP:CNES::VENUSVM05:,THEIA,2023-02-24T05:08:05Z,2023-02-24T05:08:05Z,REFLECTANCE,LEVEL2A,VENUS,,4,XS,29904,29904,https://theia.cnes.fr/data//VENUSVM05/2023/02/24/VENUS-XS_20230224-050805-000_L2A_BANDIPUR_D_V3-1/VENUS-XS_20230224-050805-000_L2A_BANDIPUR_D_V3-1_QKL_ALL.png,https://theia.cnes.fr/data//VENUSVM05/2023/02/24/VENUS-XS_20230224-050805-000_L2A_BANDIPUR_D_V3-1/VENUS-XS_20230224-050805-000_L2A_BANDIPUR_D_V3-1_THB_ALL.png,2023-03-24T16:24:49Z,2023-03-24T16:24:49Z,0,,0,"{'type': 'Point', 'coordinates': [76.598110198974, 11.748216629028]}",3-1,,,,,,BANDIPUR,2023-03-24T15:03:59Z,B1;B2;B3;B4;B5;B6;B7;B8;B9;B10;B11;B12,,10195,8916,,VENUS-XS_20230224-050805-000_L2A_BANDIPUR_D,CNES,"{'browse': {'title': 'Display full resolution product on map', 'layer': {'type': 'WMS', 'url': 'https://theia.cnes.fr/atdistrib/resto2/collections/VENUSVM05/f3f8d278-b29f-5d96-82dd-6a6ffb11b8ca/wms?map=/nfs/muscate_data//muscate.map&idProduit=VENUS-XS_20230224-050805-000_L2A_BANDIPUR_D&versionProduit=3-1&idProjet=VENUSVM05&anneeProduit=ANNEEPRODUIT&moisProduit=MOISPRODUIT&jourProduit=JOURPRODUIT&LAYERS=muscate&FORMAT=image%2Fpng&TRANSITIONEFFECT=resize&TRANSPARENT=true&VERSION=1.1.1&SERVICE=WMS&REQUEST=GetMap&STYLES=&SRS=EPSG%3A3857&BBOX={:bbox3857:}&WIDTH=256&HEIGHT=256', 'layers': ''}}, 'download': {'url': 'https://theia.cnes.fr/atdistrib/resto2/collections/VENUSVM05/f3f8d278-b29f-5d96-82dd-6a6ffb11b8ca/download', 'mimeType': 'application/zip', 'checksum': '02478db028f8e24e89e64bab2f44e106'}}","https://mapserver.theia.cnes.fr/cgi-bin/mapserv?map=/nfs/muscate_data//muscate.map&idProduit=VENUS-XS_20230224-050805-000_L2A_BANDIPUR_D&versionProduit=3-1&idProjet=VENUSVM05&anneeProduit=2023&moisProduit=02&jourProduit=24&LAYERS=muscate&FORMAT=image%2Fpng&TRANSITIONEFFECT=resize&TRANSPARENT=true&VERSION=1.1.1&SERVICE=WMS&REQUEST=GetMap&STYLES=&SRS=EPSG%3A3857&BBOX=8505935.4374988,1298624.7539465,8547789.8062811,1335520.3557447&WIDTH=256&HEIGHT=256&"
21,VENUSVM05,VENUS-XS_20230222-050823-000_L2A_BANDIPUR_D,urn:ogc:def:EOP:CNES::VENUSVM05:,THEIA,2023-02-22T05:08:23Z,2023-02-22T05:08:23Z,REFLECTANCE,LEVEL2A,VENUS,,4,XS,29874,29874,https://theia.cnes.fr/data//VENUSVM05/2023/02/22/VENUS-XS_20230222-050823-000_L2A_BANDIPUR_D_V3-1/VENUS-XS_20230222-050823-000_L2A_BANDIPUR_D_V3-1_QKL_ALL.png,https://theia.cnes.fr/data//VENUSVM05/2023/02/22/VENUS-XS_20230222-050823-000_L2A_BANDIPUR_D_V3-1/VENUS-XS_20230222-050823-000_L2A_BANDIPUR_D_V3-1_THB_ALL.png,2023-03-24T10:24:02Z,2023-03-24T10:24:02Z,0,,0,"{'type': 'Point', 'coordinates': [76.598110198974, 11.748216629028]}",3-1,,,,,,BANDIPUR,2023-03-24T09:36:02Z,B1;B2;B3;B4;B5;B6;B7;B8;B9;B10;B11;B12,,10195,8916,,VENUS-XS_20230222-050823-000_L2A_BANDIPUR_D,CNES,"{'browse': {'title': 'Display full resolution product on map', 'layer': {'type': 'WMS', 'url': 'https://theia.cnes.fr/atdistrib/resto2/collections/VENUSVM05/69075844-ede4-5ad1-a4a8-c761321135bb/wms?map=/nfs/muscate_data//muscate.map&idProduit=VENUS-XS_20230222-050823-000_L2A_BANDIPUR_D&versionProduit=3-1&idProjet=VENUSVM05&anneeProduit=ANNEEPRODUIT&moisProduit=MOISPRODUIT&jourProduit=JOURPRODUIT&LAYERS=muscate&FORMAT=image%2Fpng&TRANSITIONEFFECT=resize&TRANSPARENT=true&VERSION=1.1.1&SERVICE=WMS&REQUEST=GetMap&STYLES=&SRS=EPSG%3A3857&BBOX={:bbox3857:}&WIDTH=256&HEIGHT=256', 'layers': ''}}, 'download': {'url': 'https://theia.cnes.fr/atdistrib/resto2/collections/VENUSVM05/69075844-ede4-5ad1-a4a8-c761321135bb/download', 'mimeType': 'application/zip', 'checksum': 'c6567ab35a9d36fb19ff113d2076a690'}}","https://mapserver.theia.cnes.fr/cgi-bin/mapserv?map=/nfs/muscate_data//muscate.map&idProduit=VENUS-XS_20230222-050823-000_L2A_BANDIPUR_D&versionProduit=3-1&idProjet=VENUSVM05&anneeProduit=2023&moisProduit=02&jourProduit=22&LAYERS=muscate&FORMAT=image%2Fpng&TRANSITIONEFFECT=resize&TRANSPARENT=true&VERSION=1.1.1&SERVICE=WMS&REQUEST=GetMap&STYLES=&SRS=EPSG%3A3857&BBOX=8505935.4374988,1298624.7539465,8547789.8062811,1335520.3557447&WIDTH=256&HEIGHT=256&"
22,VENUSVM05,VENUS-XS_20230218-050853-000_L2A_BANDIPUR_D,urn:ogc:def:EOP:CNES::VENUSVM05:,THEIA,2023-02-18T05:08:53Z,2023-02-18T05:08:53Z,REFLECTANCE,LEVEL2A,VENUS,,4,XS,29814,29814,https://theia.cnes.fr/data//VENUSVM05/2023/02/18/VENUS-XS_20230218-050853-000_L2A_BANDIPUR_D_V3-1/VENUS-XS_20230218-050853-000_L2A_BANDIPUR_D_V3-1_QKL_ALL.png,https://theia.cnes.fr/data//VENUSVM05/2023/02/18/VENUS-XS_20230218-050853-000_L2A_BANDIPUR_D_V3-1/VENUS-XS_20230218-050853-000_L2A_BANDIPUR_D_V3-1_THB_ALL.png,2023-03-23T18:23:18Z,2023-03-23T18:23:18Z,0,,0,"{'type': 'Point', 'coordinates': [76.598110198974, 11.748216629028]}",3-1,,,,,,BANDIPUR,2023-03-23T17:13:01Z,B1;B2;B3;B4;B5;B6;B7;B8;B9;B10;B11;B12,,10195,8916,,VENUS-XS_20230218-050853-000_L2A_BANDIPUR_D,CNES,"{'browse': {'title': 'Display full resolution product on map', 'layer': {'type': 'WMS', 'url': 'https://theia.cnes.fr/atdistrib/resto2/collections/VENUSVM05/7ff3eebc-2a15-5182-9598-c07652080203/wms?map=/nfs/muscate_data//muscate.map&idProduit=VENUS-XS_20230218-050853-000_L2A_BANDIPUR_D&versionProduit=3-1&idProjet=VENUSVM05&anneeProduit=ANNEEPRODUIT&moisProduit=MOISPRODUIT&jourProduit=JOURPRODUIT&LAYERS=muscate&FORMAT=image%2Fpng&TRANSITIONEFFECT=resize&TRANSPARENT=true&VERSION=1.1.1&SERVICE=WMS&REQUEST=GetMap&STYLES=&SRS=EPSG%3A3857&BBOX={:bbox3857:}&WIDTH=256&HEIGHT=256', 'layers': ''}}, 'download': {'url': 'https://theia.cnes.fr/atdistrib/resto2/collections/VENUSVM05/7ff3eebc-2a15-5182-9598-c07652080203/download', 'mimeType': 'application/zip', 'checksum': '27a754e37d8a953b3aef7db6987548d1'}}","https://mapserver.theia.cnes.fr/cgi-bin/mapserv?map=/nfs/muscate_data//muscate.map&idProduit=VENUS-XS_20230218-050853-000_L2A_BANDIPUR_D&versionProduit=3-1&idProjet=VENUSVM05&anneeProduit=2023&moisProduit=02&jourProduit=18&LAYERS=muscate&FORMAT=image%2Fpng&TRANSITIONEFFECT=resize&TRANSPARENT=true&VERSION=1.1.1&SERVICE=WMS&REQUEST=GetMap&STYLES=&SRS=EPSG%3A3857&BBOX=8505935.4374988,1298624.7539465,8547789.8062811,1335520.3557447&WIDTH=256&HEIGHT=256&"
23,VENUSVM05,VENUS-XS_20230216-050903-000_L2A_BANDIPUR_D,urn:ogc:def:EOP:CNES::VENUSVM05:,THEIA,2023-02-16T05:09:03Z,2023-02-16T05:09:03Z,REFLECTANCE,LEVEL2A,VENUS,,4,XS,29784,29784,https://theia.cnes.fr/data//VENUSVM05/2023/02/16/VENUS-XS_20230216-050903-000_L2A_BANDIPUR_D_V3-1/VENUS-XS_20230216-050903-000_L2A_BANDIPUR_D_V3-1_QKL_ALL.png,https://theia.cnes.fr/data//VENUSVM05/2023/02/16/VENUS-XS_20230216-050903-000_L2A_BANDIPUR_D_V3-1/VENUS-XS_20230216-050903-000_L2A_BANDIPUR_D_V3-1_THB_ALL.png,2023-03-22T14:23:02Z,2023-03-22T14:23:02Z,0,,0,"{'type': 'Point', 'coordinates': [76.598110198974, 11.748216629028]}",3-1,,,,,,BANDIPUR,2023-03-22T12:27:23Z,B1;B2;B3;B4;B5;B6;B7;B8;B9;B10;B11;B12,,10195,8916,,VENUS-XS_20230216-050903-000_L2A_BANDIPUR_D,CNES,"{'browse': {'title': 'Display full resolution product on map', 'layer': {'type': 'WMS', 'url': 'https://theia.cnes.fr/atdistrib/resto2/collections/VENUSVM05/77c02276-c2b6-517f-964e-b820627f1a17/wms?map=/nfs/muscate_data//muscate.map&idProduit=VENUS-XS_20230216-050903-000_L2A_BANDIPUR_D&versionProduit=3-1&idProjet=VENUSVM05&anneeProduit=ANNEEPRODUIT&moisProduit=MOISPRODUIT&jourProduit=JOURPRODUIT&LAYERS=muscate&FORMAT=image%2Fpng&TRANSITIONEFFECT=resize&TRANSPARENT=true&VERSION=1.1.1&SERVICE=WMS&REQUEST=GetMap&STYLES=&SRS=EPSG%3A3857&BBOX={:bbox3857:}&WIDTH=256&HEIGHT=256', 'layers': ''}}, 'download': {'url': 'https://theia.cnes.fr/atdistrib/resto2/collections/VENUSVM05/77c02276-c2b6-517f-964e-b820627f1a17/download', 'mimeType': 'application/zip', 'checksum': 'efd5d94be78f5febc59f4b7c5eee062a'}}","https://mapserver.theia.cnes.fr/cgi-bin/mapserv?map=/nfs/muscate_data//muscate.map&idProduit=VENUS-XS_20230216-050903-000_L2A_BANDIPUR_D&versionProduit=3-1&idProjet=VENUSVM05&anneeProduit=2023&moisProduit=02&jourProduit=16&LAYERS=muscate&FORMAT=image%2Fpng&TRANSITIONEFFECT=resize&TRANSPARENT=true&VERSION=1.1.1&SERVICE=WMS&REQUEST=GetMap&STYLES=&SRS=EPSG%3A3857&BBOX=8505935.4374988,1298624.7539465,8547789.8062811,1335520.3557447&WIDTH=256&HEIGHT=256&"
24,VENUSVM05,VENUS-XS_20230214-050908-000_L2A_BANDIPUR_D,urn:ogc:def:EOP:CNES::VENUSVM05:,THEIA,2023-02-14T05:09:08Z,2023-02-14T05:09:08Z,REFLECTANCE,LEVEL2A,VENUS,,4,XS,29754,29754,https://theia.cnes.fr/data//VENUSVM05/2023/02/14/VENUS-XS_20230214-050908-000_L2A_BANDIPUR_D_V3-1/VENUS-XS_20230214-050908-000_L2A_BANDIPUR_D_V3-1_QKL_ALL.png,https://theia.cnes.fr/data//VENUSVM05/2023/02/14/VENUS-XS_20230214-050908-000_L2A_BANDIPUR_D_V3-1/VENUS-XS_20230214-050908-000_L2A_BANDIPUR_D_V3-1_THB_ALL.png,2023-03-22T12:39:43Z,2023-03-22T12:39:43Z,0,,0,"{'type': 'Point', 'coordinates': [76.598110198974, 11.748216629028]}",3-1,,,,,,BANDIPUR,2023-03-22T12:07:14Z,B1;B2;B3;B4;B5;B6;B7;B8;B9;B10;B11;B12,,10195,8916,,VENUS-XS_20230214-050908-000_L2A_BANDIPUR_D,CNES,"{'browse': {'title': 'Display full resolution product on map', 'layer': {'type': 'WMS', 'url': 'https://theia.cnes.fr/atdistrib/resto2/collections/VENUSVM05/959976aa-406c-5c22-bb40-f39686f52a70/wms?map=/nfs/muscate_data//muscate.map&idProduit=VENUS-XS_20230214-050908-000_L2A_BANDIPUR_D&versionProduit=3-1&idProjet=VENUSVM05&anneeProduit=ANNEEPRODUIT&moisProduit=MOISPRODUIT&jourProduit=JOURPRODUIT&LAYERS=muscate&FORMAT=image%2Fpng&TRANSITIONEFFECT=resize&TRANSPARENT=true&VERSION=1.1.1&SERVICE=WMS&REQUEST=GetMap&STYLES=&SRS=EPSG%3A3857&BBOX={:bbox3857:}&WIDTH=256&HEIGHT=256', 'layers': ''}}, 'download': {'url': 'https://theia.cnes.fr/atdistrib/resto2/collections/VENUSVM05/959976aa-406c-5c22-bb40-f39686f52a70/download', 'mimeType': 'application/zip', 'checksum': '9c8380e07f56c9276753f76ce3cc41b8'}}","https://mapserver.theia.cnes.fr/cgi-bin/mapserv?map=/nfs/muscate_data//muscate.map&idProduit=VENUS-XS_20230214-050908-000_L2A_BANDIPUR_D&versionProduit=3-1&idProjet=VENUSVM05&anneeProduit=2023&moisProduit=02&jourProduit=14&LAYERS=muscate&FORMAT=image%2Fpng&TRANSITIONEFFECT=resize&TRANSPARENT=true&VERSION=1.1.1&SERVICE=WMS&REQUEST=GetMap&STYLES=&SRS=EPSG%3A3857&BBOX=8505935.4374988,1298624.7539465,8547789.8062811,1335520.3557447&WIDTH=256&HEIGHT=256&"
25,VENUSVM05,VENUS-XS_20230212-050910-000_L2A_BANDIPUR_D,urn:ogc:def:EOP:CNES::VENUSVM05:,THEIA,2023-02-12T05:09:10Z,2023-02-12T05:09:10Z,REFLECTANCE,LEVEL2A,VENUS,,4,XS,29724,29724,https://theia.cnes.fr/data//VENUSVM05/2023/02/12/VENUS-XS_20230212-050910-000_L2A_BANDIPUR_D_V3-1/VENUS-XS_20230212-050910-000_L2A_BANDIPUR_D_V3-1_QKL_ALL.png,https://theia.cnes.fr/data//VENUSVM05/2023/02/12/VENUS-XS_20230212-050910-000_L2A_BANDIPUR_D_V3-1/VENUS-XS_20230212-050910-000_L2A_BANDIPUR_D_V3-1_THB_ALL.png,2023-03-22T12:36:26Z,2023-03-22T12:36:26Z,0,,6,"{'type': 'Point', 'coordinates': [76.598110198974, 11.748216629028]}",3-1,,,,,,BANDIPUR,2023-03-22T11:47:08Z,B1;B2;B3;B4;B5;B6;B7;B8;B9;B10;B11;B12,,10195,8916,,VENUS-XS_20230212-050910-000_L2A_BANDIPUR_D,CNES,"{'browse': {'title': 'Display full resolution product on map', 'layer': {'type': 'WMS', 'url': 'https://theia.cnes.fr/atdistrib/resto2/collections/VENUSVM05/43aa5281-eb53-5306-8967-a9022cac8832/wms?map=/nfs/muscate_data//muscate.map&idProduit=VENUS-XS_20230212-050910-000_L2A_BANDIPUR_D&versionProduit=3-1&idProjet=VENUSVM05&anneeProduit=ANNEEPRODUIT&moisProduit=MOISPRODUIT&jourProduit=JOURPRODUIT&LAYERS=muscate&FORMAT=image%2Fpng&TRANSITIONEFFECT=resize&TRANSPARENT=true&VERSION=1.1.1&SERVICE=WMS&REQUEST=GetMap&STYLES=&SRS=EPSG%3A3857&BBOX={:bbox3857:}&WIDTH=256&HEIGHT=256', 'layers': ''}}, 'download': {'url': 'https://theia.cnes.fr/atdistrib/resto2/collections/VENUSVM05/43aa5281-eb53-5306-8967-a9022cac8832/download', 'mimeType': 'application/zip', 'checksum': 'e4bc85274aec339d6793beb0bb854864'}}","https://mapserver.theia.cnes.fr/cgi-bin/mapserv?map=/nfs/muscate_data//muscate.map&idProduit=VENUS-XS_20230212-050910-000_L2A_BANDIPUR_D&versionProduit=3-1&idProjet=VENUSVM05&anneeProduit=2023&moisProduit=02&jourProduit=12&LAYERS=muscate&FORMAT=image%2Fpng&TRANSITIONEFFECT=resize&TRANSPARENT=true&VERSION=1.1.1&SERVICE=WMS&REQUEST=GetMap&STYLES=&SRS=EPSG%3A3857&BBOX=8505935.4374988,1298624.7539465,8547789.8062811,1335520.3557447&WIDTH=256&HEIGHT=256&"
26,VENUSVM05,VENUS-XS_20230208-050859-000_L2A_BANDIPUR_D,urn:ogc:def:EOP:CNES::VENUSVM05:,THEIA,2023-02-08T05:08:59Z,2023-02-08T05:08:59Z,REFLECTANCE,LEVEL2A,VENUS,,4,XS,29664,29664,https://theia.cnes.fr/data//VENUSVM05/2023/02/08/VENUS-XS_20230208-050859-000_L2A_BANDIPUR_D_V3-1/VENUS-XS_20230208-050859-000_L2A_BANDIPUR_D_V3-1_QKL_ALL.png,https://theia.cnes.fr/data//VENUSVM05/2023/02/08/VENUS-XS_20230208-050859-000_L2A_BANDIPUR_D_V3-1/VENUS-XS_20230208-050859-000_L2A_BANDIPUR_D_V3-1_THB_ALL.png,2023-03-22T12:33:16Z,2023-03-22T12:33:16Z,0,,22,"{'type': 'Point', 'coordinates': [76.598110198974, 11.748216629028]}",3-1,,,,,,BANDIPUR,2023-03-22T11:17:17Z,B1;B2;B3;B4;B5;B6;B7;B8;B9;B10;B11;B12,,10195,8916,,VENUS-XS_20230208-050859-000_L2A_BANDIPUR_D,CNES,"{'browse': {'title': 'Display full resolution product on map', 'layer': {'type': 'WMS', 'url': 'https://theia.cnes.fr/atdistrib/resto2/collections/VENUSVM05/f78e238c-62bf-5284-a01c-04a0c57287e4/wms?map=/nfs/muscate_data//muscate.map&idProduit=VENUS-XS_20230208-050859-000_L2A_BANDIPUR_D&versionProduit=3-1&idProjet=VENUSVM05&anneeProduit=ANNEEPRODUIT&moisProduit=MOISPRODUIT&jourProduit=JOURPRODUIT&LAYERS=muscate&FORMAT=image%2Fpng&TRANSITIONEFFECT=resize&TRANSPARENT=true&VERSION=1.1.1&SERVICE=WMS&REQUEST=GetMap&STYLES=&SRS=EPSG%3A3857&BBOX={:bbox3857:}&WIDTH=256&HEIGHT=256', 'layers': ''}}, 'download': {'url': 'https://theia.cnes.fr/atdistrib/resto2/collections/VENUSVM05/f78e238c-62bf-5284-a01c-04a0c57287e4/download', 'mimeType': 'application/zip', 'checksum': '84b240ac915e57f0fdc89448c34da242'}}","https://mapserver.theia.cnes.fr/cgi-bin/mapserv?map=/nfs/muscate_data//muscate.map&idProduit=VENUS-XS_20230208-050859-000_L2A_BANDIPUR_D&versionProduit=3-1&idProjet=VENUSVM05&anneeProduit=2023&moisProduit=02&jourProduit=08&LAYERS=muscate&FORMAT=image%2Fpng&TRANSITIONEFFECT=resize&TRANSPARENT=true&VERSION=1.1.1&SERVICE=WMS&REQUEST=GetMap&STYLES=&SRS=EPSG%3A3857&BBOX=8505935.4374988,1298624.7539465,8547789.8062811,1335520.3557447&WIDTH=256&HEIGHT=256&"
27,VENUSVM05,VENUS-XS_20230206-050847-000_L2A_BANDIPUR_D,urn:ogc:def:EOP:CNES::VENUSVM05:,THEIA,2023-02-06T05:08:47Z,2023-02-06T05:08:47Z,REFLECTANCE,LEVEL2A,VENUS,,4,XS,29634,29634,https://theia.cnes.fr/data//VENUSVM05/2023/02/06/VENUS-XS_20230206-050847-000_L2A_BANDIPUR_D_V3-1/VENUS-XS_20230206-050847-000_L2A_BANDIPUR_D_V3-1_QKL_ALL.png,https://theia.cnes.fr/data//VENUSVM05/2023/02/06/VENUS-XS_20230206-050847-000_L2A_BANDIPUR_D_V3-1/VENUS-XS_20230206-050847-000_L2A_BANDIPUR_D_V3-1_THB_ALL.png,2023-03-22T12:30:14Z,2023-03-22T12:30:14Z,0,,0,"{'type': 'Point', 'coordinates': [76.598110198974, 11.748216629028]}",3-1,,,,,,BANDIPUR,2023-03-22T10:57:34Z,B1;B2;B3;B4;B5;B6;B7;B8;B9;B10;B11;B12,,10195,8916,,VENUS-XS_20230206-050847-000_L2A_BANDIPUR_D,CNES,"{'browse': {'title': 'Display full resolution product on map', 'layer': {'type': 'WMS', 'url': 'https://theia.cnes.fr/atdistrib/resto2/collections/VENUSVM05/69051401-4fc9-59c1-8252-8d88f79631cf/wms?map=/nfs/muscate_data//muscate.map&idProduit=VENUS-XS_20230206-050847-000_L2A_BANDIPUR_D&versionProduit=3-1&idProjet=VENUSVM05&anneeProduit=ANNEEPRODUIT&moisProduit=MOISPRODUIT&jourProduit=JOURPRODUIT&LAYERS=muscate&FORMAT=image%2Fpng&TRANSITIONEFFECT=resize&TRANSPARENT=true&VERSION=1.1.1&SERVICE=WMS&REQUEST=GetMap&STYLES=&SRS=EPSG%3A3857&BBOX={:bbox3857:}&WIDTH=256&HEIGHT=256', 'layers': ''}}, 'download': {'url': 'https://theia.cnes.fr/atdistrib/resto2/collections/VENUSVM05/69051401-4fc9-59c1-8252-8d88f79631cf/download', 'mimeType': 'application/zip', 'checksum': '234ddead7a643a528f7b59bec176aa73'}}","https://mapserver.theia.cnes.fr/cgi-bin/mapserv?map=/nfs/muscate_data//muscate.map&idProduit=VENUS-XS_20230206-050847-000_L2A_BANDIPUR_D&versionProduit=3-1&idProjet=VENUSVM05&anneeProduit=2023&moisProduit=02&jourProduit=06&LAYERS=muscate&FORMAT=image%2Fpng&TRANSITIONEFFECT=resize&TRANSPARENT=true&VERSION=1.1.1&SERVICE=WMS&REQUEST=GetMap&STYLES=&SRS=EPSG%3A3857&BBOX=8505935.4374988,1298624.7539465,8547789.8062811,1335520.3557447&WIDTH=256&HEIGHT=256&"
28,VENUSVM05,VENUS-XS_20230129-050736-000_L2A_BANDIPUR_D,urn:ogc:def:EOP:CNES::VENUSVM05:,THEIA,2023-01-29T05:07:36Z,2023-01-29T05:07:36Z,REFLECTANCE,LEVEL2A,VENUS,,4,XS,29514,29514,https://theia.cnes.fr/data//VENUSVM05/2023/01/29/VENUS-XS_20230129-050736-000_L2A_BANDIPUR_D_V3-1/VENUS-XS_20230129-050736-000_L2A_BANDIPUR_D_V3-1_QKL_ALL.png,https://theia.cnes.fr/data//VENUSVM05/2023/01/29/VENUS-XS_20230129-050736-000_L2A_BANDIPUR_D_V3-1/VENUS-XS_20230129-050736-000_L2A_BANDIPUR_D_V3-1_THB_ALL.png,2023-03-22T10:29:40Z,2023-03-22T10:29:40Z,0,,0,"{'type': 'Point', 'coordinates': [76.598110198974, 11.748216629028]}",3-1,,,,,,BANDIPUR,2023-03-22T09:17:36Z,B1;B2;B3;B4;B5;B6;B7;B8;B9;B10;B11;B12,,10195,8916,,VENUS-XS_20230129-050736-000_L2A_BANDIPUR_D,CNES,"{'browse': {'title': 'Display full resolution product on map', 'layer': {'type': 'WMS', 'url': 'https://theia.cnes.fr/atdistrib/resto2/collections/VENUSVM05/8cddacb8-5b40-5946-8ea6-088bab8457d0/wms?map=/nfs/muscate_data//muscate.map&idProduit=VENUS-XS_20230129-050736-000_L2A_BANDIPUR_D&versionProduit=3-1&idProjet=VENUSVM05&anneeProduit=ANNEEPRODUIT&moisProduit=MOISPRODUIT&jourProduit=JOURPRODUIT&LAYERS=muscate&FORMAT=image%2Fpng&TRANSITIONEFFECT=resize&TRANSPARENT=true&VERSION=1.1.1&SERVICE=WMS&REQUEST=GetMap&STYLES=&SRS=EPSG%3A3857&BBOX={:bbox3857:}&WIDTH=256&HEIGHT=256', 'layers': ''}}, 'download': {'url': 'https://theia.cnes.fr/atdistrib/resto2/collections/VENUSVM05/8cddacb8-5b40-5946-8ea6-088bab8457d0/download', 'mimeType': 'application/zip', 'checksum': '869f5428b175c9e4e57db01fec1998ff'}}","https://mapserver.theia.cnes.fr/cgi-bin/mapserv?map=/nfs/muscate_data//muscate.map&idProduit=VENUS-XS_20230129-050736-000_L2A_BANDIPUR_D&versionProduit=3-1&idProjet=VENUSVM05&anneeProduit=2023&moisProduit=01&jourProduit=29&LAYERS=muscate&FORMAT=image%2Fpng&TRANSITIONEFFECT=resize&TRANSPARENT=true&VERSION=1.1.1&SERVICE=WMS&REQUEST=GetMap&STYLES=&SRS=EPSG%3A3857&BBOX=8505935.4374988,1298624.7539465,8547789.8062811,1335520.3557447&WIDTH=256&HEIGHT=256&"
29,VENUSVM05,VENUS-XS_20230127-050740-000_L2A_BANDIPUR_D,urn:ogc:def:EOP:CNES::VENUSVM05:,THEIA,2023-01-27T05:07:40Z,2023-01-27T05:07:40Z,REFLECTANCE,LEVEL2A,VENUS,,4,XS,29484,29484,https://theia.cnes.fr/data//VENUSVM05/2023/01/27/VENUS-XS_20230127-050740-000_L2A_BANDIPUR_D_V3-1/VENUS-XS_20230127-050740-000_L2A_BANDIPUR_D_V3-1_QKL_ALL.png,https://theia.cnes.fr/data//VENUSVM05/2023/01/27/VENUS-XS_20230127-050740-000_L2A_BANDIPUR_D_V3-1/VENUS-XS_20230127-050740-000_L2A_BANDIPUR_D_V3-1_THB_ALL.png,2023-03-22T10:27:30Z,2023-03-22T10:27:30Z,0,,0,"{'type': 'Point', 'coordinates': [76.598110198974, 11.748216629028]}",3-1,,,,,,BANDIPUR,2023-03-22T09:07:18Z,B1;B2;B3;B4;B5;B6;B7;B8;B9;B10;B11;B12,,10195,8916,,VENUS-XS_20230127-050740-000_L2A_BANDIPUR_D,CNES,"{'browse': {'title': 'Display full resolution product on map', 'layer': {'type': 'WMS', 'url': 'https://theia.cnes.fr/atdistrib/resto2/collections/VENUSVM05/61c7b1d6-4d83-5524-97f3-8d753c5c8fb7/wms?map=/nfs/muscate_data//muscate.map&idProduit=VENUS-XS_20230127-050740-000_L2A_BANDIPUR_D&versionProduit=3-1&idProjet=VENUSVM05&anneeProduit=ANNEEPRODUIT&moisProduit=MOISPRODUIT&jourProduit=JOURPRODUIT&LAYERS=muscate&FORMAT=image%2Fpng&TRANSITIONEFFECT=resize&TRANSPARENT=true&VERSION=1.1.1&SERVICE=WMS&REQUEST=GetMap&STYLES=&SRS=EPSG%3A3857&BBOX={:bbox3857:}&WIDTH=256&HEIGHT=256', 'layers': ''}}, 'download': {'url': 'https://theia.cnes.fr/atdistrib/resto2/collections/VENUSVM05/61c7b1d6-4d83-5524-97f3-8d753c5c8fb7/download', 'mimeType': 'application/zip', 'checksum': '76a4bca781ae46a384c13e0c0fd741c3'}}","https://mapserver.theia.cnes.fr/cgi-bin/mapserv?map=/nfs/muscate_data//muscate.map&idProduit=VENUS-XS_20230127-050740-000_L2A_BANDIPUR_D&versionProduit=3-1&idProjet=VENUSVM05&anneeProduit=2023&moisProduit=01&jourProduit=27&LAYERS=muscate&FORMAT=image%2Fpng&TRANSITIONEFFECT=resize&TRANSPARENT=true&VERSION=1.1.1&SERVICE=WMS&REQUEST=GetMap&STYLES=&SRS=EPSG%3A3857&BBOX=8505935.4374988,1298624.7539465,8547789.8062811,1335520.3557447&WIDTH=256&HEIGHT=256&"
30,VENUSVM05,VENUS-XS_20230123-050919-000_L2A_BANDIPUR_D,urn:ogc:def:EOP:CNES::VENUSVM05:,THEIA,2023-01-23T05:09:19Z,2023-01-23T05:09:19Z,REFLECTANCE,LEVEL2A,VENUS,,4,XS,29424,29424,https://theia.cnes.fr/data//VENUSVM05/2023/01/23/VENUS-XS_20230123-050919-000_L2A_BANDIPUR_D_V3-1/VENUS-XS_20230123-050919-000_L2A_BANDIPUR_D_V3-1_QKL_ALL.png,https://theia.cnes.fr/data//VENUSVM05/2023/01/23/VENUS-XS_20230123-050919-000_L2A_BANDIPUR_D_V3-1/VENUS-XS_20230123-050919-000_L2A_BANDIPUR_D_V3-1_THB_ALL.png,2023-03-22T10:22:41Z,2023-03-22T10:22:41Z,0,,7,"{'type': 'Point', 'coordinates': [76.598110198974, 11.748216629028]}",3-1,,,,,,BANDIPUR,2023-03-22T08:27:10Z,B1;B2;B3;B4;B5;B6;B7;B8;B9;B10;B11;B12,,10195,8916,,VENUS-XS_20230123-050919-000_L2A_BANDIPUR_D,CNES,"{'browse': {'title': 'Display full resolution product on map', 'layer': {'type': 'WMS', 'url': 'https://theia.cnes.fr/atdistrib/resto2/collections/VENUSVM05/b9265c38-7267-5b69-8d0b-ca11b86c3d62/wms?map=/nfs/muscate_data//muscate.map&idProduit=VENUS-XS_20230123-050919-000_L2A_BANDIPUR_D&versionProduit=3-1&idProjet=VENUSVM05&anneeProduit=ANNEEPRODUIT&moisProduit=MOISPRODUIT&jourProduit=JOURPRODUIT&LAYERS=muscate&FORMAT=image%2Fpng&TRANSITIONEFFECT=resize&TRANSPARENT=true&VERSION=1.1.1&SERVICE=WMS&REQUEST=GetMap&STYLES=&SRS=EPSG%3A3857&BBOX={:bbox3857:}&WIDTH=256&HEIGHT=256', 'layers': ''}}, 'download': {'url': 'https://theia.cnes.fr/atdistrib/resto2/collections/VENUSVM05/b9265c38-7267-5b69-8d0b-ca11b86c3d62/download', 'mimeType': 'application/zip', 'checksum': 'fd75a6ae262311876694f499437b799f'}}","https://mapserver.theia.cnes.fr/cgi-bin/mapserv?map=/nfs/muscate_data//muscate.map&idProduit=VENUS-XS_20230123-050919-000_L2A_BANDIPUR_D&versionProduit=3-1&idProjet=VENUSVM05&anneeProduit=2023&moisProduit=01&jourProduit=23&LAYERS=muscate&FORMAT=image%2Fpng&TRANSITIONEFFECT=resize&TRANSPARENT=true&VERSION=1.1.1&SERVICE=WMS&REQUEST=GetMap&STYLES=&SRS=EPSG%3A3857&BBOX=8505935.4374988,1298624.7539465,8547789.8062811,1335520.3557447&WIDTH=256&HEIGHT=256&"
31,VENUSVM05,VENUS-XS_20230119-051045-000_L2A_BANDIPUR_D,urn:ogc:def:EOP:CNES::VENUSVM05:,THEIA,2023-01-19T05:10:45Z,2023-01-19T05:10:45Z,REFLECTANCE,LEVEL2A,VENUS,,4,XS,29364,29364,https://theia.cnes.fr/data//VENUSVM05/2023/01/19/VENUS-XS_20230119-051045-000_L2A_BANDIPUR_D_V3-1/VENUS-XS_20230119-051045-000_L2A_BANDIPUR_D_V3-1_QKL_ALL.png,https://theia.cnes.fr/data//VENUSVM05/2023/01/19/VENUS-XS_20230119-051045-000_L2A_BANDIPUR_D_V3-1/VENUS-XS_20230119-051045-000_L2A_BANDIPUR_D_V3-1_THB_ALL.png,2023-03-22T08:22:21Z,2023-03-22T08:22:21Z,0,,1,"{'type': 'Point', 'coordinates': [76.598110198974, 11.748216629028]}",3-1,,,,,,BANDIPUR,2023-03-22T07:37:00Z,B1;B2;B3;B4;B5;B6;B7;B8;B9;B10;B11;B12,,10195,8916,,VENUS-XS_20230119-051045-000_L2A_BANDIPUR_D,CNES,"{'browse': {'title': 'Display full resolution product on map', 'layer': {'type': 'WMS', 'url': 'https://theia.cnes.fr/atdistrib/resto2/collections/VENUSVM05/36936eae-05be-5673-b017-a155e7678eaf/wms?map=/nfs/muscate_data//muscate.map&idProduit=VENUS-XS_20230119-051045-000_L2A_BANDIPUR_D&versionProduit=3-1&idProjet=VENUSVM05&anneeProduit=ANNEEPRODUIT&moisProduit=MOISPRODUIT&jourProduit=JOURPRODUIT&LAYERS=muscate&FORMAT=image%2Fpng&TRANSITIONEFFECT=resize&TRANSPARENT=true&VERSION=1.1.1&SERVICE=WMS&REQUEST=GetMap&STYLES=&SRS=EPSG%3A3857&BBOX={:bbox3857:}&WIDTH=256&HEIGHT=256', 'layers': ''}}, 'download': {'url': 'https://theia.cnes.fr/atdistrib/resto2/collections/VENUSVM05/36936eae-05be-5673-b017-a155e7678eaf/download', 'mimeType': 'application/zip', 'checksum': 'c2a37f972b33ed850877c201e19d7202'}}","https://mapserver.theia.cnes.fr/cgi-bin/mapserv?map=/nfs/muscate_data//muscate.map&idProduit=VENUS-XS_20230119-051045-000_L2A_BANDIPUR_D&versionProduit=3-1&idProjet=VENUSVM05&anneeProduit=2023&moisProduit=01&jourProduit=19&LAYERS=muscate&FORMAT=image%2Fpng&TRANSITIONEFFECT=resize&TRANSPARENT=true&VERSION=1.1.1&SERVICE=WMS&REQUEST=GetMap&STYLES=&SRS=EPSG%3A3857&BBOX=8505935.4374988,1298624.7539465,8547789.8062811,1335520.3557447&WIDTH=256&HEIGHT=256&"
32,VENUSVM05,VENUS-XS_20230118-051104-000_L2A_BANDIPUR_D,urn:ogc:def:EOP:CNES::VENUSVM05:,THEIA,2023-01-18T05:11:04Z,2023-01-18T05:11:04Z,REFLECTANCE,LEVEL2A,VENUS,,4,XS,29349,29349,https://theia.cnes.fr/data//VENUSVM05/2023/01/18/VENUS-XS_20230118-051104-000_L2A_BANDIPUR_D_V3-1/VENUS-XS_20230118-051104-000_L2A_BANDIPUR_D_V3-1_QKL_ALL.png,https://theia.cnes.fr/data//VENUSVM05/2023/01/18/VENUS-XS_20230118-051104-000_L2A_BANDIPUR_D_V3-1/VENUS-XS_20230118-051104-000_L2A_BANDIPUR_D_V3-1_THB_ALL.png,2023-07-18T16:43:03Z,2023-07-18T16:43:03Z,0,,0,"{'type': 'Point', 'coordinates': [76.598094940186, 11.748217105865]}",3-1,,,,,,BANDIPUR,2023-07-18T15:25:54Z,B1;B2;B3;B4;B5;B6;B7;B8;B9;B10;B11;B12,,10200,8916,,VENUS-XS_20230118-051104-000_L2A_BANDIPUR_D,CNES,"{'browse': {'title': 'Display full resolution product on map', 'layer': {'type': 'WMS', 'url': 'https://theia.cnes.fr/atdistrib/resto2/collections/VENUSVM05/7709746b-5f11-5ad9-b8eb-a49eed194d50/wms?map=/nfs/muscate_data//muscate.map&idProduit=VENUS-XS_20230118-051104-000_L2A_BANDIPUR_D&versionProduit=3-1&idProjet=VENUSVM05&anneeProduit=ANNEEPRODUIT&moisProduit=MOISPRODUIT&jourProduit=JOURPRODUIT&LAYERS=muscate&FORMAT=image%2Fpng&TRANSITIONEFFECT=resize&TRANSPARENT=true&VERSION=1.1.1&SERVICE=WMS&REQUEST=GetMap&STYLES=&SRS=EPSG%3A3857&BBOX={:bbox3857:}&WIDTH=256&HEIGHT=256', 'layers': ''}}, 'download': {'url': 'https://theia.cnes.fr/atdistrib/resto2/collections/VENUSVM05/7709746b-5f11-5ad9-b8eb-a49eed194d50/download', 'mimeType': 'application/zip', 'checksum': '6320a10fe94577bc5bd7c7eb4beab3b3'}}","https://mapserver.theia.cnes.fr/cgi-bin/mapserv?map=/nfs/muscate_data//muscate.map&idProduit=VENUS-XS_20230118-051104-000_L2A_BANDIPUR_D&versionProduit=3-1&idProjet=VENUSVM05&anneeProduit=2023&moisProduit=01&jourProduit=18&LAYERS=muscate&FORMAT=image%2Fpng&TRANSITIONEFFECT=resize&TRANSPARENT=true&VERSION=1.1.1&SERVICE=WMS&REQUEST=GetMap&STYLES=&SRS=EPSG%3A3857&BBOX=8505923.5472945,1298624.7539465,8547798.2992842,1335520.4642432&WIDTH=256&HEIGHT=256&"
33,VENUSVM05,VENUS-XS_20230117-051122-000_L2A_BANDIPUR_D,urn:ogc:def:EOP:CNES::VENUSVM05:,THEIA,2023-01-17T05:11:22Z,2023-01-17T05:11:22Z,REFLECTANCE,LEVEL2A,VENUS,,4,XS,29334,29334,https://theia.cnes.fr/data//VENUSVM05/2023/01/17/VENUS-XS_20230117-051122-000_L2A_BANDIPUR_D_V3-1/VENUS-XS_20230117-051122-000_L2A_BANDIPUR_D_V3-1_QKL_ALL.png,https://theia.cnes.fr/data//VENUSVM05/2023/01/17/VENUS-XS_20230117-051122-000_L2A_BANDIPUR_D_V3-1/VENUS-XS_20230117-051122-000_L2A_BANDIPUR_D_V3-1_THB_ALL.png,2023-07-18T16:41:42Z,2023-07-18T16:41:42Z,0,,1,"{'type': 'Point', 'coordinates': [76.598110198974, 11.748216629028]}",3-1,,,,,,BANDIPUR,2023-07-18T15:18:11Z,B1;B2;B3;B4;B5;B6;B7;B8;B9;B10;B11;B12,,10195,8916,,VENUS-XS_20230117-051122-000_L2A_BANDIPUR_D,CNES,"{'browse': {'title': 'Display full resolution product on map', 'layer': {'type': 'WMS', 'url': 'https://theia.cnes.fr/atdistrib/resto2/collections/VENUSVM05/f254477d-3f17-5c91-875d-5489e0546d91/wms?map=/nfs/muscate_data//muscate.map&idProduit=VENUS-XS_20230117-051122-000_L2A_BANDIPUR_D&versionProduit=3-1&idProjet=VENUSVM05&anneeProduit=ANNEEPRODUIT&moisProduit=MOISPRODUIT&jourProduit=JOURPRODUIT&LAYERS=muscate&FORMAT=image%2Fpng&TRANSITIONEFFECT=resize&TRANSPARENT=true&VERSION=1.1.1&SERVICE=WMS&REQUEST=GetMap&STYLES=&SRS=EPSG%3A3857&BBOX={:bbox3857:}&WIDTH=256&HEIGHT=256', 'layers': ''}}, 'download': {'url': 'https://theia.cnes.fr/atdistrib/resto2/collections/VENUSVM05/f254477d-3f17-5c91-875d-5489e0546d91/download', 'mimeType': 'application/zip', 'checksum': '8c2034a349af6f4744b4158fea95ca0d'}}","https://mapserver.theia.cnes.fr/cgi-bin/mapserv?map=/nfs/muscate_data//muscate.map&idProduit=VENUS-XS_20230117-051122-000_L2A_BANDIPUR_D&versionProduit=3-1&idProjet=VENUSVM05&anneeProduit=2023&moisProduit=01&jourProduit=17&LAYERS=muscate&FORMAT=image%2Fpng&TRANSITIONEFFECT=resize&TRANSPARENT=true&VERSION=1.1.1&SERVICE=WMS&REQUEST=GetMap&STYLES=&SRS=EPSG%3A3857&BBOX=8505935.4374988,1298624.7539465,8547789.8062811,1335520.3557447&WIDTH=256&HEIGHT=256&"
34,VENUSVM05,VENUS-XS_20230115-051156-000_L2A_BANDIPUR_D,urn:ogc:def:EOP:CNES::VENUSVM05:,THEIA,2023-01-15T05:11:56Z,2023-01-15T05:11:56Z,REFLECTANCE,LEVEL2A,VENUS,,4,XS,29304,29304,https://theia.cnes.fr/data//VENUSVM05/2023/01/15/VENUS-XS_20230115-051156-000_L2A_BANDIPUR_D_V3-1/VENUS-XS_20230115-051156-000_L2A_BANDIPUR_D_V3-1_QKL_ALL.png,https://theia.cnes.fr/data//VENUSVM05/2023/01/15/VENUS-XS_20230115-051156-000_L2A_BANDIPUR_D_V3-1/VENUS-XS_20230115-051156-000_L2A_BANDIPUR_D_V3-1_THB_ALL.png,2023-07-18T16:41:46Z,2023-07-18T16:41:46Z,0,,0,"{'type': 'Point', 'coordinates': [76.598110198974, 11.748216629028]}",3-1,,,,,,BANDIPUR,2023-07-18T15:18:10Z,B1;B2;B3;B4;B5;B6;B7;B8;B9;B10;B11;B12,,10195,8916,,VENUS-XS_20230115-051156-000_L2A_BANDIPUR_D,CNES,"{'browse': {'title': 'Display full resolution product on map', 'layer': {'type': 'WMS', 'url': 'https://theia.cnes.fr/atdistrib/resto2/collections/VENUSVM05/5a58d5b1-9ee6-5f10-b783-e4d380302278/wms?map=/nfs/muscate_data//muscate.map&idProduit=VENUS-XS_20230115-051156-000_L2A_BANDIPUR_D&versionProduit=3-1&idProjet=VENUSVM05&anneeProduit=ANNEEPRODUIT&moisProduit=MOISPRODUIT&jourProduit=JOURPRODUIT&LAYERS=muscate&FORMAT=image%2Fpng&TRANSITIONEFFECT=resize&TRANSPARENT=true&VERSION=1.1.1&SERVICE=WMS&REQUEST=GetMap&STYLES=&SRS=EPSG%3A3857&BBOX={:bbox3857:}&WIDTH=256&HEIGHT=256', 'layers': ''}}, 'download': {'url': 'https://theia.cnes.fr/atdistrib/resto2/collections/VENUSVM05/5a58d5b1-9ee6-5f10-b783-e4d380302278/download', 'mimeType': 'application/zip', 'checksum': '5dc4446200e2bf0e7642d9d2a9e6db51'}}","https://mapserver.theia.cnes.fr/cgi-bin/mapserv?map=/nfs/muscate_data//muscate.map&idProduit=VENUS-XS_20230115-051156-000_L2A_BANDIPUR_D&versionProduit=3-1&idProjet=VENUSVM05&anneeProduit=2023&moisProduit=01&jourProduit=15&LAYERS=muscate&FORMAT=image%2Fpng&TRANSITIONEFFECT=resize&TRANSPARENT=true&VERSION=1.1.1&SERVICE=WMS&REQUEST=GetMap&STYLES=&SRS=EPSG%3A3857&BBOX=8505935.4374988,1298624.7539465,8547789.8062811,1335520.3557447&WIDTH=256&HEIGHT=256&"
35,VENUSVM05,VENUS-XS_20230114-051212-000_L2A_BANDIPUR_D,urn:ogc:def:EOP:CNES::VENUSVM05:,THEIA,2023-01-14T05:12:12Z,2023-01-14T05:12:12Z,REFLECTANCE,LEVEL2A,VENUS,,4,XS,29289,29289,https://theia.cnes.fr/data//VENUSVM05/2023/01/14/VENUS-XS_20230114-051212-000_L2A_BANDIPUR_D_V3-1/VENUS-XS_20230114-051212-000_L2A_BANDIPUR_D_V3-1_QKL_ALL.png,https://theia.cnes.fr/data//VENUSVM05/2023/01/14/VENUS-XS_20230114-051212-000_L2A_BANDIPUR_D_V3-1/VENUS-XS_20230114-051212-000_L2A_BANDIPUR_D_V3-1_THB_ALL.png,2023-07-18T16:41:45Z,2023-07-18T16:41:45Z,0,,0,"{'type': 'Point', 'coordinates': [76.598094940186, 11.748217105865]}",3-1,,,,,,BANDIPUR,2023-07-18T15:07:04Z,B1;B2;B3;B4;B5;B6;B7;B8;B9;B10;B11;B12,,10200,8916,,VENUS-XS_20230114-051212-000_L2A_BANDIPUR_D,CNES,"{'browse': {'title': 'Display full resolution product on map', 'layer': {'type': 'WMS', 'url': 'https://theia.cnes.fr/atdistrib/resto2/collections/VENUSVM05/ee462a5c-46d1-575c-9a23-e004336499fd/wms?map=/nfs/muscate_data//muscate.map&idProduit=VENUS-XS_20230114-051212-000_L2A_BANDIPUR_D&versionProduit=3-1&idProjet=VENUSVM05&anneeProduit=ANNEEPRODUIT&moisProduit=MOISPRODUIT&jourProduit=JOURPRODUIT&LAYERS=muscate&FORMAT=image%2Fpng&TRANSITIONEFFECT=resize&TRANSPARENT=true&VERSION=1.1.1&SERVICE=WMS&REQUEST=GetMap&STYLES=&SRS=EPSG%3A3857&BBOX={:bbox3857:}&WIDTH=256&HEIGHT=256', 'layers': ''}}, 'download': {'url': 'https://theia.cnes.fr/atdistrib/resto2/collections/VENUSVM05/ee462a5c-46d1-575c-9a23-e004336499fd/download', 'mimeType': 'application/zip', 'checksum': '962793169a39747a3dd7c910e9bb05c8'}}","https://mapserver.theia.cnes.fr/cgi-bin/mapserv?map=/nfs/muscate_data//muscate.map&idProduit=VENUS-XS_20230114-051212-000_L2A_BANDIPUR_D&versionProduit=3-1&idProjet=VENUSVM05&anneeProduit=2023&moisProduit=01&jourProduit=14&LAYERS=muscate&FORMAT=image%2Fpng&TRANSITIONEFFECT=resize&TRANSPARENT=true&VERSION=1.1.1&SERVICE=WMS&REQUEST=GetMap&STYLES=&SRS=EPSG%3A3857&BBOX=8505923.5472945,1298624.7539465,8547798.2992842,1335520.4642432&WIDTH=256&HEIGHT=256&"
36,VENUSVM05,VENUS-XS_20230112-051240-000_L2A_BANDIPUR_D,urn:ogc:def:EOP:CNES::VENUSVM05:,THEIA,2023-01-12T05:12:40Z,2023-01-12T05:12:40Z,REFLECTANCE,LEVEL2A,VENUS,,4,XS,29259,29259,https://theia.cnes.fr/data//VENUSVM05/2023/01/12/VENUS-XS_20230112-051240-000_L2A_BANDIPUR_D_V3-1/VENUS-XS_20230112-051240-000_L2A_BANDIPUR_D_V3-1_QKL_ALL.png,https://theia.cnes.fr/data//VENUSVM05/2023/01/12/VENUS-XS_20230112-051240-000_L2A_BANDIPUR_D_V3-1/VENUS-XS_20230112-051240-000_L2A_BANDIPUR_D_V3-1_THB_ALL.png,2023-07-18T16:41:16Z,2023-07-18T16:41:16Z,0,,0,"{'type': 'Point', 'coordinates': [76.598094940186, 11.748217105865]}",3-1,,,,,,BANDIPUR,2023-07-18T15:06:31Z,B1;B2;B3;B4;B5;B6;B7;B8;B9;B10;B11;B12,,10200,8916,,VENUS-XS_20230112-051240-000_L2A_BANDIPUR_D,CNES,"{'browse': {'title': 'Display full resolution product on map', 'layer': {'type': 'WMS', 'url': 'https://theia.cnes.fr/atdistrib/resto2/collections/VENUSVM05/36d2f535-b9e6-589d-a5b2-33592d7d6363/wms?map=/nfs/muscate_data//muscate.map&idProduit=VENUS-XS_20230112-051240-000_L2A_BANDIPUR_D&versionProduit=3-1&idProjet=VENUSVM05&anneeProduit=ANNEEPRODUIT&moisProduit=MOISPRODUIT&jourProduit=JOURPRODUIT&LAYERS=muscate&FORMAT=image%2Fpng&TRANSITIONEFFECT=resize&TRANSPARENT=true&VERSION=1.1.1&SERVICE=WMS&REQUEST=GetMap&STYLES=&SRS=EPSG%3A3857&BBOX={:bbox3857:}&WIDTH=256&HEIGHT=256', 'layers': ''}}, 'download': {'url': 'https://theia.cnes.fr/atdistrib/resto2/collections/VENUSVM05/36d2f535-b9e6-589d-a5b2-33592d7d6363/download', 'mimeType': 'application/zip', 'checksum': 'd3faae82cfbf8dba00e011aa36f6793d'}}","https://mapserver.theia.cnes.fr/cgi-bin/mapserv?map=/nfs/muscate_data//muscate.map&idProduit=VENUS-XS_20230112-051240-000_L2A_BANDIPUR_D&versionProduit=3-1&idProjet=VENUSVM05&anneeProduit=2023&moisProduit=01&jourProduit=12&LAYERS=muscate&FORMAT=image%2Fpng&TRANSITIONEFFECT=resize&TRANSPARENT=true&VERSION=1.1.1&SERVICE=WMS&REQUEST=GetMap&STYLES=&SRS=EPSG%3A3857&BBOX=8505923.5472945,1298624.7539465,8547798.2992842,1335520.4642432&WIDTH=256&HEIGHT=256&"
37,VENUSVM05,VENUS-XS_20230111-051253-000_L2A_BANDIPUR_D,urn:ogc:def:EOP:CNES::VENUSVM05:,THEIA,2023-01-11T05:12:53Z,2023-01-11T05:12:53Z,REFLECTANCE,LEVEL2A,VENUS,,4,XS,29244,29244,https://theia.cnes.fr/data//VENUSVM05/2023/01/11/VENUS-XS_20230111-051253-000_L2A_BANDIPUR_D_V3-1/VENUS-XS_20230111-051253-000_L2A_BANDIPUR_D_V3-1_QKL_ALL.png,https://theia.cnes.fr/data//VENUSVM05/2023/01/11/VENUS-XS_20230111-051253-000_L2A_BANDIPUR_D_V3-1/VENUS-XS_20230111-051253-000_L2A_BANDIPUR_D_V3-1_THB_ALL.png,2023-07-18T16:39:08Z,2023-07-18T16:39:08Z,0,,0,"{'type': 'Point', 'coordinates': [76.598110198974, 11.748216629028]}",3-1,,,,,,BANDIPUR,2023-07-18T14:56:57Z,B1;B2;B3;B4;B5;B6;B7;B8;B9;B10;B11;B12,,10195,8916,,VENUS-XS_20230111-051253-000_L2A_BANDIPUR_D,CNES,"{'browse': {'title': 'Display full resolution product on map', 'layer': {'type': 'WMS', 'url': 'https://theia.cnes.fr/atdistrib/resto2/collections/VENUSVM05/7711afb8-9279-5dc5-9bce-a03949eddc9e/wms?map=/nfs/muscate_data//muscate.map&idProduit=VENUS-XS_20230111-051253-000_L2A_BANDIPUR_D&versionProduit=3-1&idProjet=VENUSVM05&anneeProduit=ANNEEPRODUIT&moisProduit=MOISPRODUIT&jourProduit=JOURPRODUIT&LAYERS=muscate&FORMAT=image%2Fpng&TRANSITIONEFFECT=resize&TRANSPARENT=true&VERSION=1.1.1&SERVICE=WMS&REQUEST=GetMap&STYLES=&SRS=EPSG%3A3857&BBOX={:bbox3857:}&WIDTH=256&HEIGHT=256', 'layers': ''}}, 'download': {'url': 'https://theia.cnes.fr/atdistrib/resto2/collections/VENUSVM05/7711afb8-9279-5dc5-9bce-a03949eddc9e/download', 'mimeType': 'application/zip', 'checksum': 'f3f18fec4caad47e0c0c3cc625e5d188'}}","https://mapserver.theia.cnes.fr/cgi-bin/mapserv?map=/nfs/muscate_data//muscate.map&idProduit=VENUS-XS_20230111-051253-000_L2A_BANDIPUR_D&versionProduit=3-1&idProjet=VENUSVM05&anneeProduit=2023&moisProduit=01&jourProduit=11&LAYERS=muscate&FORMAT=image%2Fpng&TRANSITIONEFFECT=resize&TRANSPARENT=true&VERSION=1.1.1&SERVICE=WMS&REQUEST=GetMap&STYLES=&SRS=EPSG%3A3857&BBOX=8505935.4374988,1298624.7539465,8547789.8062811,1335520.3557447&WIDTH=256&HEIGHT=256&"
38,VENUSVM05,VENUS-XS_20230110-051305-000_L2A_BANDIPUR_D,urn:ogc:def:EOP:CNES::VENUSVM05:,THEIA,2023-01-10T05:13:05Z,2023-01-10T05:13:05Z,REFLECTANCE,LEVEL2A,VENUS,,4,XS,29229,29229,https://theia.cnes.fr/data//VENUSVM05/2023/01/10/VENUS-XS_20230110-051305-000_L2A_BANDIPUR_D_V3-1/VENUS-XS_20230110-051305-000_L2A_BANDIPUR_D_V3-1_QKL_ALL.png,https://theia.cnes.fr/data//VENUSVM05/2023/01/10/VENUS-XS_20230110-051305-000_L2A_BANDIPUR_D_V3-1/VENUS-XS_20230110-051305-000_L2A_BANDIPUR_D_V3-1_THB_ALL.png,2023-07-18T16:39:08Z,2023-07-18T16:39:08Z,0,,0,"{'type': 'Point', 'coordinates': [76.598094940186, 11.748217105865]}",3-1,,,,,,BANDIPUR,2023-07-18T14:56:55Z,B1;B2;B3;B4;B5;B6;B7;B8;B9;B10;B11;B12,,10200,8916,,VENUS-XS_20230110-051305-000_L2A_BANDIPUR_D,CNES,"{'browse': {'title': 'Display full resolution product on map', 'layer': {'type': 'WMS', 'url': 'https://theia.cnes.fr/atdistrib/resto2/collections/VENUSVM05/b77cd49e-86b3-573d-aab8-3a546d335754/wms?map=/nfs/muscate_data//muscate.map&idProduit=VENUS-XS_20230110-051305-000_L2A_BANDIPUR_D&versionProduit=3-1&idProjet=VENUSVM05&anneeProduit=ANNEEPRODUIT&moisProduit=MOISPRODUIT&jourProduit=JOURPRODUIT&LAYERS=muscate&FORMAT=image%2Fpng&TRANSITIONEFFECT=resize&TRANSPARENT=true&VERSION=1.1.1&SERVICE=WMS&REQUEST=GetMap&STYLES=&SRS=EPSG%3A3857&BBOX={:bbox3857:}&WIDTH=256&HEIGHT=256', 'layers': ''}}, 'download': {'url': 'https://theia.cnes.fr/atdistrib/resto2/collections/VENUSVM05/b77cd49e-86b3-573d-aab8-3a546d335754/download', 'mimeType': 'application/zip', 'checksum': '332cdb9720559cca78ab07b018cbdb56'}}","https://mapserver.theia.cnes.fr/cgi-bin/mapserv?map=/nfs/muscate_data//muscate.map&idProduit=VENUS-XS_20230110-051305-000_L2A_BANDIPUR_D&versionProduit=3-1&idProjet=VENUSVM05&anneeProduit=2023&moisProduit=01&jourProduit=10&LAYERS=muscate&FORMAT=image%2Fpng&TRANSITIONEFFECT=resize&TRANSPARENT=true&VERSION=1.1.1&SERVICE=WMS&REQUEST=GetMap&STYLES=&SRS=EPSG%3A3857&BBOX=8505923.5472945,1298624.7539465,8547798.2992842,1335520.4642432&WIDTH=256&HEIGHT=256&"
39,VENUSVM05,VENUS-XS_20230108-051327-000_L2A_BANDIPUR_D,urn:ogc:def:EOP:CNES::VENUSVM05:,THEIA,2023-01-08T05:13:27Z,2023-01-08T05:13:27Z,REFLECTANCE,LEVEL2A,VENUS,,4,XS,29199,29199,https://theia.cnes.fr/data//VENUSVM05/2023/01/08/VENUS-XS_20230108-051327-000_L2A_BANDIPUR_D_V3-1/VENUS-XS_20230108-051327-000_L2A_BANDIPUR_D_V3-1_QKL_ALL.png,https://theia.cnes.fr/data//VENUSVM05/2023/01/08/VENUS-XS_20230108-051327-000_L2A_BANDIPUR_D_V3-1/VENUS-XS_20230108-051327-000_L2A_BANDIPUR_D_V3-1_THB_ALL.png,2023-07-18T16:39:08Z,2023-07-18T16:39:08Z,0,,21,"{'type': 'Point', 'coordinates': [76.598094940186, 11.748217105865]}",3-1,,,,,,BANDIPUR,2023-07-18T14:56:06Z,B1;B2;B3;B4;B5;B6;B7;B8;B9;B10;B11;B12,,10200,8916,,VENUS-XS_20230108-051327-000_L2A_BANDIPUR_D,CNES,"{'browse': {'title': 'Display full resolution product on map', 'layer': {'type': 'WMS', 'url': 'https://theia.cnes.fr/atdistrib/resto2/collections/VENUSVM05/25dae5f6-620f-58da-8eea-74ad2cf989d8/wms?map=/nfs/muscate_data//muscate.map&idProduit=VENUS-XS_20230108-051327-000_L2A_BANDIPUR_D&versionProduit=3-1&idProjet=VENUSVM05&anneeProduit=ANNEEPRODUIT&moisProduit=MOISPRODUIT&jourProduit=JOURPRODUIT&LAYERS=muscate&FORMAT=image%2Fpng&TRANSITIONEFFECT=resize&TRANSPARENT=true&VERSION=1.1.1&SERVICE=WMS&REQUEST=GetMap&STYLES=&SRS=EPSG%3A3857&BBOX={:bbox3857:}&WIDTH=256&HEIGHT=256', 'layers': ''}}, 'download': {'url': 'https://theia.cnes.fr/atdistrib/resto2/collections/VENUSVM05/25dae5f6-620f-58da-8eea-74ad2cf989d8/download', 'mimeType': 'application/zip', 'checksum': '0ba976cafc9e7383fd069c7a7b37397d'}}","https://mapserver.theia.cnes.fr/cgi-bin/mapserv?map=/nfs/muscate_data//muscate.map&idProduit=VENUS-XS_20230108-051327-000_L2A_BANDIPUR_D&versionProduit=3-1&idProjet=VENUSVM05&anneeProduit=2023&moisProduit=01&jourProduit=08&LAYERS=muscate&FORMAT=image%2Fpng&TRANSITIONEFFECT=resize&TRANSPARENT=true&VERSION=1.1.1&SERVICE=WMS&REQUEST=GetMap&STYLES=&SRS=EPSG%3A3857&BBOX=8505923.5472945,1298624.7539465,8547798.2992842,1335520.4642432&WIDTH=256&HEIGHT=256&"
40,VENUSVM05,VENUS-XS_20230107-051338-000_L2A_BANDIPUR_D,urn:ogc:def:EOP:CNES::VENUSVM05:,THEIA,2023-01-07T05:13:38Z,2023-01-07T05:13:38Z,REFLECTANCE,LEVEL2A,VENUS,,4,XS,29184,29184,https://theia.cnes.fr/data//VENUSVM05/2023/01/07/VENUS-XS_20230107-051338-000_L2A_BANDIPUR_D_V3-1/VENUS-XS_20230107-051338-000_L2A_BANDIPUR_D_V3-1_QKL_ALL.png,https://theia.cnes.fr/data//VENUSVM05/2023/01/07/VENUS-XS_20230107-051338-000_L2A_BANDIPUR_D_V3-1/VENUS-XS_20230107-051338-000_L2A_BANDIPUR_D_V3-1_THB_ALL.png,2023-07-18T16:38:48Z,2023-07-18T16:38:48Z,0,,0,"{'type': 'Point', 'coordinates': [76.598110198974, 11.748216629028]}",3-1,,,,,,BANDIPUR,2023-07-18T14:47:24Z,B1;B2;B3;B4;B5;B6;B7;B8;B9;B10;B11;B12,,10195,8916,,VENUS-XS_20230107-051338-000_L2A_BANDIPUR_D,CNES,"{'browse': {'title': 'Display full resolution product on map', 'layer': {'type': 'WMS', 'url': 'https://theia.cnes.fr/atdistrib/resto2/collections/VENUSVM05/a62a8851-6c84-5f64-abd0-7d3a289812d0/wms?map=/nfs/muscate_data//muscate.map&idProduit=VENUS-XS_20230107-051338-000_L2A_BANDIPUR_D&versionProduit=3-1&idProjet=VENUSVM05&anneeProduit=ANNEEPRODUIT&moisProduit=MOISPRODUIT&jourProduit=JOURPRODUIT&LAYERS=muscate&FORMAT=image%2Fpng&TRANSITIONEFFECT=resize&TRANSPARENT=true&VERSION=1.1.1&SERVICE=WMS&REQUEST=GetMap&STYLES=&SRS=EPSG%3A3857&BBOX={:bbox3857:}&WIDTH=256&HEIGHT=256', 'layers': ''}}, 'download': {'url': 'https://theia.cnes.fr/atdistrib/resto2/collections/VENUSVM05/a62a8851-6c84-5f64-abd0-7d3a289812d0/download', 'mimeType': 'application/zip', 'checksum': '8c418bdd05edfc38e45ebf848156701d'}}","https://mapserver.theia.cnes.fr/cgi-bin/mapserv?map=/nfs/muscate_data//muscate.map&idProduit=VENUS-XS_20230107-051338-000_L2A_BANDIPUR_D&versionProduit=3-1&idProjet=VENUSVM05&anneeProduit=2023&moisProduit=01&jourProduit=07&LAYERS=muscate&FORMAT=image%2Fpng&TRANSITIONEFFECT=resize&TRANSPARENT=true&VERSION=1.1.1&SERVICE=WMS&REQUEST=GetMap&STYLES=&SRS=EPSG%3A3857&BBOX=8505935.4374988,1298624.7539465,8547789.8062811,1335520.3557447&WIDTH=256&HEIGHT=256&"
41,VENUSVM05,VENUS-XS_20230106-051348-000_L2A_BANDIPUR_D,urn:ogc:def:EOP:CNES::VENUSVM05:,THEIA,2023-01-06T05:13:48Z,2023-01-06T05:13:48Z,REFLECTANCE,LEVEL2A,VENUS,,4,XS,29169,29169,https://theia.cnes.fr/data//VENUSVM05/2023/01/06/VENUS-XS_20230106-051348-000_L2A_BANDIPUR_D_V3-1/VENUS-XS_20230106-051348-000_L2A_BANDIPUR_D_V3-1_QKL_ALL.png,https://theia.cnes.fr/data//VENUSVM05/2023/01/06/VENUS-XS_20230106-051348-000_L2A_BANDIPUR_D_V3-1/VENUS-XS_20230106-051348-000_L2A_BANDIPUR_D_V3-1_THB_ALL.png,2023-07-18T16:39:03Z,2023-07-18T16:39:03Z,0,,0,"{'type': 'Point', 'coordinates': [76.598094940186, 11.748217105865]}",3-1,,,,,,BANDIPUR,2023-07-18T14:47:30Z,B1;B2;B3;B4;B5;B6;B7;B8;B9;B10;B11;B12,,10200,8916,,VENUS-XS_20230106-051348-000_L2A_BANDIPUR_D,CNES,"{'browse': {'title': 'Display full resolution product on map', 'layer': {'type': 'WMS', 'url': 'https://theia.cnes.fr/atdistrib/resto2/collections/VENUSVM05/6729e13a-5f57-59d9-9761-6b986e1824f9/wms?map=/nfs/muscate_data//muscate.map&idProduit=VENUS-XS_20230106-051348-000_L2A_BANDIPUR_D&versionProduit=3-1&idProjet=VENUSVM05&anneeProduit=ANNEEPRODUIT&moisProduit=MOISPRODUIT&jourProduit=JOURPRODUIT&LAYERS=muscate&FORMAT=image%2Fpng&TRANSITIONEFFECT=resize&TRANSPARENT=true&VERSION=1.1.1&SERVICE=WMS&REQUEST=GetMap&STYLES=&SRS=EPSG%3A3857&BBOX={:bbox3857:}&WIDTH=256&HEIGHT=256', 'layers': ''}}, 'download': {'url': 'https://theia.cnes.fr/atdistrib/resto2/collections/VENUSVM05/6729e13a-5f57-59d9-9761-6b986e1824f9/download', 'mimeType': 'application/zip', 'checksum': '123e75dac07adb1562a718468774e656'}}","https://mapserver.theia.cnes.fr/cgi-bin/mapserv?map=/nfs/muscate_data//muscate.map&idProduit=VENUS-XS_20230106-051348-000_L2A_BANDIPUR_D&versionProduit=3-1&idProjet=VENUSVM05&anneeProduit=2023&moisProduit=01&jourProduit=06&LAYERS=muscate&FORMAT=image%2Fpng&TRANSITIONEFFECT=resize&TRANSPARENT=true&VERSION=1.1.1&SERVICE=WMS&REQUEST=GetMap&STYLES=&SRS=EPSG%3A3857&BBOX=8505923.5472945,1298624.7539465,8547798.2992842,1335520.4642432&WIDTH=256&HEIGHT=256&"
42,VENUSVM05,VENUS-XS_20230105-051357-000_L2A_BANDIPUR_D,urn:ogc:def:EOP:CNES::VENUSVM05:,THEIA,2023-01-05T05:13:57Z,2023-01-05T05:13:57Z,REFLECTANCE,LEVEL2A,VENUS,,4,XS,29154,29154,https://theia.cnes.fr/data//VENUSVM05/2023/01/05/VENUS-XS_20230105-051357-000_L2A_BANDIPUR_D_V3-1/VENUS-XS_20230105-051357-000_L2A_BANDIPUR_D_V3-1_QKL_ALL.png,https://theia.cnes.fr/data//VENUSVM05/2023/01/05/VENUS-XS_20230105-051357-000_L2A_BANDIPUR_D_V3-1/VENUS-XS_20230105-051357-000_L2A_BANDIPUR_D_V3-1_THB_ALL.png,2023-07-18T16:39:07Z,2023-07-18T16:39:07Z,0,,1,"{'type': 'Point', 'coordinates': [76.598110198974, 11.748216629028]}",3-1,,,,,,BANDIPUR,2023-07-18T14:47:27Z,B1;B2;B3;B4;B5;B6;B7;B8;B9;B10;B11;B12,,10195,8916,,VENUS-XS_20230105-051357-000_L2A_BANDIPUR_D,CNES,"{'browse': {'title': 'Display full resolution product on map', 'layer': {'type': 'WMS', 'url': 'https://theia.cnes.fr/atdistrib/resto2/collections/VENUSVM05/25e70a1e-0aa3-58bf-b461-053420eb6249/wms?map=/nfs/muscate_data//muscate.map&idProduit=VENUS-XS_20230105-051357-000_L2A_BANDIPUR_D&versionProduit=3-1&idProjet=VENUSVM05&anneeProduit=ANNEEPRODUIT&moisProduit=MOISPRODUIT&jourProduit=JOURPRODUIT&LAYERS=muscate&FORMAT=image%2Fpng&TRANSITIONEFFECT=resize&TRANSPARENT=true&VERSION=1.1.1&SERVICE=WMS&REQUEST=GetMap&STYLES=&SRS=EPSG%3A3857&BBOX={:bbox3857:}&WIDTH=256&HEIGHT=256', 'layers': ''}}, 'download': {'url': 'https://theia.cnes.fr/atdistrib/resto2/collections/VENUSVM05/25e70a1e-0aa3-58bf-b461-053420eb6249/download', 'mimeType': 'application/zip', 'checksum': '30e450e3c2db105493d0361900780e51'}}","https://mapserver.theia.cnes.fr/cgi-bin/mapserv?map=/nfs/muscate_data//muscate.map&idProduit=VENUS-XS_20230105-051357-000_L2A_BANDIPUR_D&versionProduit=3-1&idProjet=VENUSVM05&anneeProduit=2023&moisProduit=01&jourProduit=05&LAYERS=muscate&FORMAT=image%2Fpng&TRANSITIONEFFECT=resize&TRANSPARENT=true&VERSION=1.1.1&SERVICE=WMS&REQUEST=GetMap&STYLES=&SRS=EPSG%3A3857&BBOX=8505935.4374988,1298624.7539465,8547789.8062811,1335520.3557447&WIDTH=256&HEIGHT=256&"
43,VENUSVM05,VENUS-XS_20230104-051405-000_L2A_BANDIPUR_D,urn:ogc:def:EOP:CNES::VENUSVM05:,THEIA,2023-01-04T05:14:05Z,2023-01-04T05:14:05Z,REFLECTANCE,LEVEL2A,VENUS,,4,XS,29139,29139,https://theia.cnes.fr/data//VENUSVM05/2023/01/04/VENUS-XS_20230104-051405-000_L2A_BANDIPUR_D_V3-1/VENUS-XS_20230104-051405-000_L2A_BANDIPUR_D_V3-1_QKL_ALL.png,https://theia.cnes.fr/data//VENUSVM05/2023/01/04/VENUS-XS_20230104-051405-000_L2A_BANDIPUR_D_V3-1/VENUS-XS_20230104-051405-000_L2A_BANDIPUR_D_V3-1_THB_ALL.png,2023-07-18T16:36:06Z,2023-07-18T16:36:06Z,0,,42,"{'type': 'Point', 'coordinates': [76.598094940186, 11.748217105865]}",3-1,,,,,,BANDIPUR,2023-07-18T14:46:51Z,B1;B2;B3;B4;B5;B6;B7;B8;B9;B10;B11;B12,,10200,8916,,VENUS-XS_20230104-051405-000_L2A_BANDIPUR_D,CNES,"{'browse': {'title': 'Display full resolution product on map', 'layer': {'type': 'WMS', 'url': 'https://theia.cnes.fr/atdistrib/resto2/collections/VENUSVM05/b5df6e54-00bd-5911-b857-cab481ee6484/wms?map=/nfs/muscate_data//muscate.map&idProduit=VENUS-XS_20230104-051405-000_L2A_BANDIPUR_D&versionProduit=3-1&idProjet=VENUSVM05&anneeProduit=ANNEEPRODUIT&moisProduit=MOISPRODUIT&jourProduit=JOURPRODUIT&LAYERS=muscate&FORMAT=image%2Fpng&TRANSITIONEFFECT=resize&TRANSPARENT=true&VERSION=1.1.1&SERVICE=WMS&REQUEST=GetMap&STYLES=&SRS=EPSG%3A3857&BBOX={:bbox3857:}&WIDTH=256&HEIGHT=256', 'layers': ''}}, 'download': {'url': 'https://theia.cnes.fr/atdistrib/resto2/collections/VENUSVM05/b5df6e54-00bd-5911-b857-cab481ee6484/download', 'mimeType': 'application/zip', 'checksum': '4071026fb90fb7d76d63ae633c850adb'}}","https://mapserver.theia.cnes.fr/cgi-bin/mapserv?map=/nfs/muscate_data//muscate.map&idProduit=VENUS-XS_20230104-051405-000_L2A_BANDIPUR_D&versionProduit=3-1&idProjet=VENUSVM05&anneeProduit=2023&moisProduit=01&jourProduit=04&LAYERS=muscate&FORMAT=image%2Fpng&TRANSITIONEFFECT=resize&TRANSPARENT=true&VERSION=1.1.1&SERVICE=WMS&REQUEST=GetMap&STYLES=&SRS=EPSG%3A3857&BBOX=8505923.5472945,1298624.7539465,8547798.2992842,1335520.4642432&WIDTH=256&HEIGHT=256&"
44,VENUSVM05,VENUS-XS_20230103-051414-000_L2A_BANDIPUR_D,urn:ogc:def:EOP:CNES::VENUSVM05:,THEIA,2023-01-03T05:14:14Z,2023-01-03T05:14:14Z,REFLECTANCE,LEVEL2A,VENUS,,4,XS,29124,29124,https://theia.cnes.fr/data//VENUSVM05/2023/01/03/VENUS-XS_20230103-051414-000_L2A_BANDIPUR_D_V3-1/VENUS-XS_20230103-051414-000_L2A_BANDIPUR_D_V3-1_QKL_ALL.png,https://theia.cnes.fr/data//VENUSVM05/2023/01/03/VENUS-XS_20230103-051414-000_L2A_BANDIPUR_D_V3-1/VENUS-XS_20230103-051414-000_L2A_BANDIPUR_D_V3-1_THB_ALL.png,2023-07-18T16:36:05Z,2023-07-18T16:36:05Z,0,,20,"{'type': 'Point', 'coordinates': [76.598110198974, 11.748216629028]}",3-1,,,,,,BANDIPUR,2023-07-18T14:36:54Z,B1;B2;B3;B4;B5;B6;B7;B8;B9;B10;B11;B12,,10195,8916,,VENUS-XS_20230103-051414-000_L2A_BANDIPUR_D,CNES,"{'browse': {'title': 'Display full resolution product on map', 'layer': {'type': 'WMS', 'url': 'https://theia.cnes.fr/atdistrib/resto2/collections/VENUSVM05/6165a531-6be5-5b7c-a3a8-3736ac4c9090/wms?map=/nfs/muscate_data//muscate.map&idProduit=VENUS-XS_20230103-051414-000_L2A_BANDIPUR_D&versionProduit=3-1&idProjet=VENUSVM05&anneeProduit=ANNEEPRODUIT&moisProduit=MOISPRODUIT&jourProduit=JOURPRODUIT&LAYERS=muscate&FORMAT=image%2Fpng&TRANSITIONEFFECT=resize&TRANSPARENT=true&VERSION=1.1.1&SERVICE=WMS&REQUEST=GetMap&STYLES=&SRS=EPSG%3A3857&BBOX={:bbox3857:}&WIDTH=256&HEIGHT=256', 'layers': ''}}, 'download': {'url': 'https://theia.cnes.fr/atdistrib/resto2/collections/VENUSVM05/6165a531-6be5-5b7c-a3a8-3736ac4c9090/download', 'mimeType': 'application/zip', 'checksum': '0e7d7d2b6bbf388232f4b062512a7453'}}","https://mapserver.theia.cnes.fr/cgi-bin/mapserv?map=/nfs/muscate_data//muscate.map&idProduit=VENUS-XS_20230103-051414-000_L2A_BANDIPUR_D&versionProduit=3-1&idProjet=VENUSVM05&anneeProduit=2023&moisProduit=01&jourProduit=03&LAYERS=muscate&FORMAT=image%2Fpng&TRANSITIONEFFECT=resize&TRANSPARENT=true&VERSION=1.1.1&SERVICE=WMS&REQUEST=GetMap&STYLES=&SRS=EPSG%3A3857&BBOX=8505935.4374988,1298624.7539465,8547789.8062811,1335520.3557447&WIDTH=256&HEIGHT=256&"
45,VENUSVM05,VENUS-XS_20230102-051421-000_L2A_BANDIPUR_D,urn:ogc:def:EOP:CNES::VENUSVM05:,THEIA,2023-01-02T05:14:21Z,2023-01-02T05:14:21Z,REFLECTANCE,LEVEL2A,VENUS,,4,XS,29109,29109,https://theia.cnes.fr/data//VENUSVM05/2023/01/02/VENUS-XS_20230102-051421-000_L2A_BANDIPUR_D_V3-1/VENUS-XS_20230102-051421-000_L2A_BANDIPUR_D_V3-1_QKL_ALL.png,https://theia.cnes.fr/data//VENUSVM05/2023/01/02/VENUS-XS_20230102-051421-000_L2A_BANDIPUR_D_V3-1/VENUS-XS_20230102-051421-000_L2A_BANDIPUR_D_V3-1_THB_ALL.png,2023-07-18T16:36:04Z,2023-07-18T16:36:04Z,0,,0,"{'type': 'Point', 'coordinates': [76.598094940186, 11.748217105865]}",3-1,,,,,,BANDIPUR,2023-07-18T14:37:15Z,B1;B2;B3;B4;B5;B6;B7;B8;B9;B10;B11;B12,,10200,8916,,VENUS-XS_20230102-051421-000_L2A_BANDIPUR_D,CNES,"{'browse': {'title': 'Display full resolution product on map', 'layer': {'type': 'WMS', 'url': 'https://theia.cnes.fr/atdistrib/resto2/collections/VENUSVM05/11a60e3d-c521-5c49-a775-13c56a97361a/wms?map=/nfs/muscate_data//muscate.map&idProduit=VENUS-XS_20230102-051421-000_L2A_BANDIPUR_D&versionProduit=3-1&idProjet=VENUSVM05&anneeProduit=ANNEEPRODUIT&moisProduit=MOISPRODUIT&jourProduit=JOURPRODUIT&LAYERS=muscate&FORMAT=image%2Fpng&TRANSITIONEFFECT=resize&TRANSPARENT=true&VERSION=1.1.1&SERVICE=WMS&REQUEST=GetMap&STYLES=&SRS=EPSG%3A3857&BBOX={:bbox3857:}&WIDTH=256&HEIGHT=256', 'layers': ''}}, 'download': {'url': 'https://theia.cnes.fr/atdistrib/resto2/collections/VENUSVM05/11a60e3d-c521-5c49-a775-13c56a97361a/download', 'mimeType': 'application/zip', 'checksum': '3aaa65768ff8dded0f158c65380d321b'}}","https://mapserver.theia.cnes.fr/cgi-bin/mapserv?map=/nfs/muscate_data//muscate.map&idProduit=VENUS-XS_20230102-051421-000_L2A_BANDIPUR_D&versionProduit=3-1&idProjet=VENUSVM05&anneeProduit=2023&moisProduit=01&jourProduit=02&LAYERS=muscate&FORMAT=image%2Fpng&TRANSITIONEFFECT=resize&TRANSPARENT=true&VERSION=1.1.1&SERVICE=WMS&REQUEST=GetMap&STYLES=&SRS=EPSG%3A3857&BBOX=8505923.5472945,1298624.7539465,8547798.2992842,1335520.4642432&WIDTH=256&HEIGHT=256&"
46,VENUSVM05,VENUS-XS_20230101-051428-000_L2A_BANDIPUR_D,urn:ogc:def:EOP:CNES::VENUSVM05:,THEIA,2023-01-01T05:14:28Z,2023-01-01T05:14:28Z,REFLECTANCE,LEVEL2A,VENUS,,4,XS,29094,29094,https://theia.cnes.fr/data//VENUSVM05/2023/01/01/VENUS-XS_20230101-051428-000_L2A_BANDIPUR_D_V3-1/VENUS-XS_20230101-051428-000_L2A_BANDIPUR_D_V3-1_QKL_ALL.png,https://theia.cnes.fr/data//VENUSVM05/2023/01/01/VENUS-XS_20230101-051428-000_L2A_BANDIPUR_D_V3-1/VENUS-XS_20230101-051428-000_L2A_BANDIPUR_D_V3-1_THB_ALL.png,2023-07-18T16:36:02Z,2023-07-18T16:36:02Z,0,,32,"{'type': 'Point', 'coordinates': [76.598110198974, 11.748216629028]}",3-1,,,,,,BANDIPUR,2023-07-18T14:37:02Z,B1;B2;B3;B4;B5;B6;B7;B8;B9;B10;B11;B12,,10195,8916,,VENUS-XS_20230101-051428-000_L2A_BANDIPUR_D,CNES,"{'browse': {'title': 'Display full resolution product on map', 'layer': {'type': 'WMS', 'url': 'https://theia.cnes.fr/atdistrib/resto2/collections/VENUSVM05/5d2d9e4f-7329-5127-8243-17deb6f99d88/wms?map=/nfs/muscate_data//muscate.map&idProduit=VENUS-XS_20230101-051428-000_L2A_BANDIPUR_D&versionProduit=3-1&idProjet=VENUSVM05&anneeProduit=ANNEEPRODUIT&moisProduit=MOISPRODUIT&jourProduit=JOURPRODUIT&LAYERS=muscate&FORMAT=image%2Fpng&TRANSITIONEFFECT=resize&TRANSPARENT=true&VERSION=1.1.1&SERVICE=WMS&REQUEST=GetMap&STYLES=&SRS=EPSG%3A3857&BBOX={:bbox3857:}&WIDTH=256&HEIGHT=256', 'layers': ''}}, 'download': {'url': 'https://theia.cnes.fr/atdistrib/resto2/collections/VENUSVM05/5d2d9e4f-7329-5127-8243-17deb6f99d88/download', 'mimeType': 'application/zip', 'checksum': '286559a509a1892b277ec43adc29c1bd'}}","https://mapserver.theia.cnes.fr/cgi-bin/mapserv?map=/nfs/muscate_data//muscate.map&idProduit=VENUS-XS_20230101-051428-000_L2A_BANDIPUR_D&versionProduit=3-1&idProjet=VENUSVM05&anneeProduit=2023&moisProduit=01&jourProduit=01&LAYERS=muscate&FORMAT=image%2Fpng&TRANSITIONEFFECT=resize&TRANSPARENT=true&VERSION=1.1.1&SERVICE=WMS&REQUEST=GetMap&STYLES=&SRS=EPSG%3A3857&BBOX=8505935.4374988,1298624.7539465,8547789.8062811,1335520.3557447&WIDTH=256&HEIGHT=256&"
